date,symbol,rank,score,price,r1m,r3m,r6m,vol1m
2026-10-02,WELSPUNLIV,1,79.4404,239.17,19.58,40.98,100.46,2.0269
2026-10-02,REDINGTON,2,68.5449,397.95,9.57,43.79,92.35,2.1258
2026-10-02,HFCL,3,67.5791,238.36,5.34,5.96,228.14,3.5432
2026-10-02,WELCORP,4,62.5736,2605.8,3.26,68.81,196.4,4.2905
2026-10-02,ACE,5,47.8973,1232.0,12.63,24.46,48.77,1.7925
2026-10-02,AEGISLOG,6,45.1975,1401.1,12.83,-0.57,138.28,3.3306
2026-10-02,RRKABEL,7,44.6462,2518.2,-4.27,9.72,90.51,2.1494
2026-10-02,FINCABLES,8,42.2947,1458.8,22.46,34.2,79.99,3.2311
2026-10-02,CPPLUS,9,41.9533,3799.6,2.1,5.21,107.45,2.7354
2026-10-02,SONACOMS,10,40.9911,805.0,2.86,20.6,56.27,1.9448
2026-10-02,BHEL,11,39.4117,415.5,-2.59,8.32,69.15,1.8998
2026-10-02,SYRMA,12,38.8718,1717.9,19.8,23.49,112.49,4.0076
2026-10-02,PAYTM,13,37.2434,1656.0,2.29,35.94,61.02,2.6647
2026-10-02,TBOTEK,14,36.3924,1685.2,-3.43,10.41,54.17,1.6802
2026-10-02,CEMPRO,15,36.1533,1178.9,-4.6,-22.51,109.71,2.2846
2026-10-02,SHYAMMETL,16,35.7848,1065.0,-1.21,11.51,34.06,1.2397
2026-10-02,ENGINERSIN,17,35.4674,312.75,13.07,28.22,57.37,2.7817
2026-10-02,ATHERENERG,18,34.8124,1406.1,-16.61,24.94,84.77,2.6745
2026-10-02,APARINDS,19,34.7902,17648.0,4.97,23.21,73.84,2.9324
2026-10-02,SAREGAMA,20,34.2886,506.55,2.59,4.28,58.79,1.9151
2026-10-02,BOSCHLTD,21,33.9613,47100.0,-5.8,13.45,53.75,1.8079
2026-10-02,CYIENT,22,32.7041,1104.6,-1.57,26.97,32.71,1.7769
2026-10-02,LGEINDIA,23,32.6479,1721.8,4.15,10.36,24.84,1.2052
2026-10-02,ACMESOLAR,24,32.0347,432.55,8.61,12.73,56.04,2.4157
2026-10-02,COFORGE,25,30.2704,1826.0,-7.11,23.22,48.38,2.1307
2026-10-02,RADICO,26,29.8394,4237.0,-5.34,3.17,61.16,1.977
2026-10-02,ETERNAL,27,29.7445,313.9,-4.09,10.76,35.32,1.4116
2026-10-02,AEGISVOPAK,28,29.5762,290.75,1.55,3.85,66.59,2.4342
2026-10-02,KALYANKJIL,29,29.3074,528.5,-10.42,38.62,27.55,1.9022
2026-10-02,CRAFTSMAN,30,29.3038,10417.0,-7.43,14.23,53.44,2.0559
2026-10-02,INDGN,31,29.0412,590.75,-2.42,16.22,25.62,1.3576
2026-10-02,JSWINFRA,32,28.6364,357.45,7.63,10.32,52.55,2.4623
2026-10-02,RKFORGE,33,28.5331,702.3,-6.81,21.64,38.4,1.8656
2026-10-02,HSCL,34,28.4843,665.15,0.84,-2.78,45.83,1.5411
2026-10-02,CARTRADE,35,27.9962,2899.8,-2.37,7.42,66.71,2.5633
2026-10-02,DEVYANI,36,27.8743,130.29,-6.06,14.1,30.32,1.3761
2026-10-02,MOTHERSON,37,27.2569,157.03,-3.84,8.05,44.81,1.7984
2026-10-02,ANANDRATHI,38,27.0435,2120.0,-3.5,2.83,29.15,1.053
2026-10-02,MEESHO,39,26.8517,227.75,11.02,22.0,51.38,3.143
2026-10-02,FLUOROCHEM,40,26.8059,4405.3,-7.06,11.09,37.92,1.5649
2026-10-02,ABDL,41,26.6198,679.45,12.42,-3.31,58.94,2.5562
2026-10-02,LODHA,42,26.3838,1135.0,-4.93,7.38,59.8,2.3594
2026-10-02,PTCIL,43,26.0011,22190.0,-2.48,24.92,42.66,2.5039
2026-10-02,BALRAMCHIN,44,25.7248,662.85,-0.9,17.85,36.56,2.0801
2026-10-02,CARBORUNIV,45,25.6521,1252.5,13.81,9.91,51.31,2.925
2026-10-02,JYOTICNC,46,24.6432,1032.1,8.0,33.93,34.67,3.1085
2026-10-02,MINDACORP,47,23.7075,692.85,-2.74,-1.46,38.18,1.433
2026-10-02,MOTILALOFS,48,23.2884,994.0,-2.17,2.65,41.02,1.7823
2026-10-02,IIFL,49,23.2388,600.75,-6.01,15.63,36.55,1.9868
2026-10-02,NAVINFLUOR,50,23.0585,8136.5,-4.75,5.27,39.77,1.7471
2026-10-02,THELEELA,51,22.7734,573.8,0.6,20.48,37.55,2.5746
2026-10-02,TEGA,52,22.7696,2093.4,35.96,25.73,22.06,3.6784
2026-10-02,GESHIP,53,22.4822,1530.6,17.23,8.55,7.45,1.4779
2026-10-02,SAPPHIRE,54,22.1458,212.08,-7.78,13.87,34.74,1.8441
2026-10-02,RBLBANK,55,21.7873,411.4,5.65,11.61,31.61,2.2429
2026-10-02,ASAHIINDIA,56,21.6269,958.85,0.8,9.75,17.52,1.2982
2026-10-02,KOTAKBANK,57,21.2027,418.35,-1.22,9.72,15.26,1.1208
2026-10-02,CASTROLIND,58,20.4323,199.04,6.96,8.06,11.54,1.3002
2026-10-02,EXIDEIND,59,20.3054,409.45,-3.81,-1.52,37.75,1.5969
2026-10-02,CGCL,60,19.9118,249.23,-2.87,2.83,46.59,2.3374
2026-10-02,INDHOTEL,61,19.7507,728.65,1.48,0.01,22.38,1.2086
2026-10-02,MCX,62,19.5592,3204.0,-2.5,17.66,26.05,2.107
2026-10-02,TVSMOTOR,63,19.0264,4021.0,-4.26,8.53,15.86,1.0578
2026-10-02,NYKAA,64,18.89,324.95,-3.69,3.65,31.06,1.6423
2026-10-02,PARADEEP,65,18.8631,151.22,-3.18,5.81,30.77,1.7707
2026-10-02,BELRISE,66,18.5107,237.5,1.36,6.84,24.93,1.79
2026-10-02,GAIL,67,18.286,171.22,-1.03,-2.18,17.77,0.7967
2026-10-02,KARURVYSYA,68,17.0198,324.8,-6.56,11.31,20.54,1.486
2026-10-02,BEML,69,17.0086,1992.4,1.13,6.85,31.98,2.3492
2026-10-02,NUVAMA,70,16.9606,1701.4,-7.58,-8.99,44.64,1.655
2026-10-02,APLAPOLLO,71,16.5547,2190.1,-1.97,22.49,14.37,2.1075
2026-10-02,KIRLOSENG,72,16.1574,2242.7,3.79,-1.01,60.39,3.9092
2026-10-02,CHENNPETRO,73,15.9206,1346.4,-4.78,20.17,39.07,3.4207
2026-10-02,JINDALSAW,74,15.8358,277.7,-10.35,6.42,42.19,2.4163
2026-10-02,PHOENIXLTD,75,15.8231,1935.0,2.24,-5.5,26.87,1.4921
2026-10-02,KAJARIACER,76,15.5212,1225.1,-0.32,1.9,23.82,1.6362
2026-10-02,ECLERX,77,15.3499,1802.9,-10.06,20.33,20.58,2.0099
2026-10-02,PNBHOUSING,78,15.1738,1092.0,-4.29,0.2,33.66,1.9486
2026-10-02,ACUTAAS,79,15.1511,3279.4,3.31,-11.24,48.23,2.6596
2026-10-02,OFSS,80,14.6892,10630.0,-12.78,-5.49,51.49,2.2615
2026-10-02,GRAPHITE,81,14.6851,786.15,8.2,26.7,24.83,4.0665
2026-10-02,SUNTV,82,14.4541,599.9,30.24,16.94,1.69,3.381
2026-10-02,PVRINOX,83,14.4275,1215.3,0.44,19.85,28.41,3.3753
2026-10-02,ADANIENT,84,14.2837,2816.8,-2.59,-12.16,49.66,2.4443
2026-10-02,ENRIN,85,14.1661,3334.0,6.88,-2.52,26.82,2.2007
2026-10-02,GABRIEL,86,14.137,1341.8,-5.92,8.93,51.03,3.8221
2026-10-02,CRISIL,87,14.0548,4450.8,-7.69,9.05,20.1,1.5263
2026-10-02,NAUKRI,88,13.988,1200.0,-11.5,15.98,20.69,1.799
2026-10-02,SCHNEIDER,89,13.3723,1275.4,9.06,-15.03,37.52,2.3588
2026-10-02,IDFCFIRSTB,90,13.2536,80.39,-5.52,-0.92,31.38,1.881
2026-10-02,URBANCO,91,13.0089,156.34,-9.02,16.83,27.98,2.7511
2026-10-02,NETWEB,92,12.4011,4520.3,-11.54,2.47,39.52,2.4547
2026-10-02,AIIL,93,12.2463,546.6,1.35,4.16,28.84,2.8055
2026-10-02,SIEMENS,94,12.2196,3725.6,-7.55,5.35,22.23,1.6392
2026-10-02,ANANTRAJ,95,12.1007,577.85,-1.87,4.89,25.77,2.3795
2026-10-02,PCBL,96,12.0058,321.5,1.97,-0.26,23.65,2.1116
2026-10-02,CUB,97,11.8686,230.04,-0.25,2.38,23.42,2.1529
2026-10-02,SPLPETRO,98,11.8198,808.2,12.48,11.48,10.03,2.8754
2026-10-02,KPRMILL,99,11.7227,1103.3,-6.31,-6.56,32.94,1.7121
2026-10-02,FIVESTAR,100,11.6346,506.25,-3.54,-8.59,41.83,2.5517
2026-10-02,KPIL,101,11.6166,1356.4,-3.84,-1.74,24.17,1.6005
2026-10-02,HBLENGINE,102,11.3638,779.35,18.05,-3.49,14.51,2.5582
2026-10-02,HAL,103,11.2456,4601.0,-3.74,3.61,21.2,1.8734
2026-10-02,SOLARINDS,104,11.2394,19400.0,-5.83,4.64,44.71,3.873
2026-10-02,LLOYDSME,105,11.0576,1776.8,-2.0,1.22,23.23,2.0302
2026-10-02,CGPOWER,106,10.9257,879.0,0.14,-4.98,26.68,1.9989
2026-10-02,HONASA,107,10.9172,427.9,-9.63,-7.33,40.39,2.1458
2026-10-02,PWL,108,10.603,123.48,7.43,-5.13,32.73,3.3037
2026-10-02,ADANIPORTS,109,10.336,1737.8,3.89,-6.79,25.84,2.2192
2026-10-02,NUVOCO,110,10.1703,337.8,4.63,4.79,13.97,2.2999
2026-10-02,ENDURANCE,111,9.948,2656.5,-6.52,0.59,20.68,1.4839
2026-10-02,IKS,112,9.8672,1776.4,1.85,-5.36,25.83,2.2613
2026-10-02,DLF,113,9.6673,658.4,-2.25,-2.21,23.27,1.9458
2026-10-02,POWERINDIA,114,9.622,31290.0,-2.83,-3.31,25.01,1.9619
2026-10-02,ADANIGREEN,115,9.5499,1276.1,-1.54,-17.63,37.9,1.9624
2026-10-02,PETRONET,116,9.1869,284.5,-2.67,3.1,11.78,1.3289
2026-10-02,IDEA,117,8.8967,12.64,-13.01,-10.29,46.47,2.604
2026-10-02,ELGIEQUIP,118,8.3903,584.65,-5.2,-1.23,21.13,1.7515
2026-10-02,HYUNDAI,119,8.2249,2031.0,-6.83,1.89,20.08,1.8405
2026-10-02,IDBI,120,7.74,86.57,-5.44,3.1,24.31,2.8382
2026-10-02,USHAMART,121,7.1911,491.7,-1.97,-4.44,21.26,2.0641
2026-10-02,CHALET,122,7.0277,845.2,-5.83,1.26,15.47,1.5514
2026-10-02,RHIM,123,7.0037,384.85,4.52,0.14,5.73,1.484
2026-10-02,TATATECH,124,6.8092,698.8,-14.07,-1.79,27.39,1.6926
2026-10-02,CLEAN,125,6.5736,794.35,-3.96,2.72,14.36,1.9964
2026-10-02,BAJAJHLDNG,126,6.3537,10788.0,-4.62,-2.63,18.15,1.7163
2026-10-02,DATAPATTNS,127,6.1232,4251.3,-5.88,-7.89,32.48,3.0555
2026-10-02,ADANIENSOL,128,6.0633,1314.6,-4.88,-16.2,32.61,1.901
2026-10-02,EMMVEE,129,6.0248,305.9,-5.79,-12.81,32.7,2.34
2026-10-02,TECHM,130,5.5976,1533.0,-5.55,8.99,4.05,1.3387
2026-10-02,ELECON,131,5.5672,461.8,12.02,-12.32,17.93,3.1657
2026-10-02,PERSISTENT,132,5.2257,5367.0,-5.68,13.81,-0.36,1.488
2026-10-02,GRASIM,133,5.2184,3061.9,-7.36,-3.74,17.12,1.1536
2026-10-02,DIXON,134,5.1812,12700.0,-12.95,-4.54,25.54,1.5524
2026-10-02,MAHABANK,135,4.8571,80.5,-2.31,-6.95,20.98,2.4144
2026-10-02,BANDHANBNK,136,4.8425,176.0,8.96,-15.14,18.02,2.4464
2026-10-02,PINELABS,137,4.3924,167.59,3.25,10.99,7.03,4.8413
2026-10-02,FEDERALBNK,138,4.2344,317.4,-9.12,-3.05,16.91,1.1176
2026-10-02,WHIRLPOOL,139,3.9964,861.65,7.68,7.61,4.93,5.0571
2026-10-02,ICICIAMC,140,3.9645,3136.7,3.25,-5.94,7.96,1.3274
2026-10-02,PRESTIGE,141,3.8444,1481.9,-5.61,-11.16,25.25,2.2049
2026-10-02,ABCAPITAL,142,3.8086,375.05,-5.54,-8.47,21.55,1.9805
2026-10-02,BRIGADE,143,3.73,575.25,-10.83,11.95,11.02,3.2558
2026-10-02,TITAGARH,144,3.4012,805.1,-2.41,-7.28,15.8,1.798
2026-10-02,GVT&D,145,3.2605,4253.2,0.31,-6.62,15.79,2.9094
2026-10-02,HEROMOTOCO,146,3.0226,5168.0,-2.49,4.52,2.32,1.4385
2026-10-02,OLAELEC,147,3.0051,37.08,-4.87,-12.53,28.62,3.7321
2026-10-02,PNB,148,2.6213,109.57,-6.35,5.06,4.77,1.3291
2026-10-02,STARHEALTH,149,2.6075,534.65,-4.59,-7.87,16.6,1.5856
2026-10-02,JSL,150,2.5843,732.7,-0.3,4.34,1.69,2.2172
2026-10-02,CANHLIFE,151,2.4593,148.51,-3.68,4.41,2.47,1.3015
2026-10-02,INDIGO,152,2.4112,4929.9,-1.79,-8.85,14.32,1.5231
2026-10-02,DEEPAKFERT,153,2.3049,1300.9,-8.17,-18.96,32.1,2.1578
2026-10-02,MGL,154,2.1945,1058.0,-1.83,-6.26,11.0,1.3292
2026-10-02,PIRAMALFIN,155,2.1751,2023.3,-7.46,-6.88,18.91,2.1022
2026-10-02,RITES,156,2.1293,209.48,-1.47,-3.09,9.25,2.2067
2026-10-02,AUBANK,157,1.9797,1010.3,-6.38,-4.54,14.35,1.7258
2026-10-02,ADANIPOWER,158,1.8427,196.21,-5.53,-10.75,20.11,2.0753
2026-10-02,AARTIIND,159,1.4912,465.1,-7.94,-4.79,15.57,1.9042
2026-10-02,SAGILITY,160,1.3327,43.17,-7.56,6.38,3.03,1.3916
2026-10-02,M&MFIN,161,1.2579,324.85,-10.85,-2.75,15.5,1.5062
2026-10-02,OBEROIRLTY,162,1.2023,1765.7,-6.11,-8.72,17.17,1.945
2026-10-02,LTFOODS,163,0.9459,400.4,-8.38,5.6,4.31,1.6291
2026-10-02,FSL,164,0.8812,250.4,-7.4,0.43,10.11,3.576
2026-10-02,NAM-INDIA,165,0.8693,1046.0,-10.71,-13.37,25.87,2.0534
2026-10-02,HONAUT,166,0.8364,33460.0,-5.83,-15.39,22.61,1.6684
2026-10-02,JSWSTEEL,167,0.427,1233.0,-5.59,-0.82,7.04,1.4765
2026-10-02,3MINDIA,168,0.3191,32160.0,-3.48,-5.3,9.41,1.9571
2026-10-02,TATACOMM,169,0.3113,1656.2,-4.48,-13.14,18.07,1.4735
2026-10-02,SAIL,170,0.2478,174.5,-11.2,3.11,8.64,2.2591
2026-10-02,MANAPPURAM,171,0.228,308.9,-9.39,-10.75,20.64,2.2164
2026-10-02,HOMEFIRST,172,0.112,1104.8,-6.59,-8.33,15.17,2.2163
2026-10-02,HINDZINC,173,0.0425,555.05,-5.67,2.72,3.03,1.8363
2026-10-02,BPCL,174,-0.037,300.6,-5.94,-2.45,8.34,1.3834
2026-10-02,JUBLFOOD,175,-0.2105,443.4,-8.86,1.18,7.32,1.7207
2026-10-02,BHARATFORG,176,-0.4595,1926.0,-6.15,-9.86,15.29,1.5726
2026-10-02,CHOICEIN,177,-0.5703,726.25,-6.25,-9.22,14.49,1.7381
2026-10-02,AFFLE,178,-0.6214,1449.6,-4.5,0.15,3.0,2.1822
2026-10-02,NIACL,179,-0.8,160.21,-19.54,-13.89,28.93,5.618
2026-10-02,ZENTEC,180,-0.8741,1605.2,-9.86,-8.1,16.38,1.8062
2026-10-02,ABB,181,-0.9291,6776.0,-8.38,-2.51,9.41,1.6021
2026-10-02,SCI,182,-1.3464,267.05,-7.34,-9.09,14.48,1.4497
2026-10-02,TATAINVEST,183,-1.3488,620.05,-2.15,-7.08,4.74,3.328
2026-10-02,SUPREMEIND,184,-1.3983,3451.0,-4.27,6.89,-6.02,2.4389
2026-10-02,UNOMINDA,185,-1.4434,1111.0,-10.11,-2.37,8.77,2.5727
2026-10-02,J&KBANK,186,-1.4953,138.65,-5.92,-16.07,19.73,1.5131
2026-10-02,MRPL,187,-1.9953,164.76,-5.97,9.37,-8.12,2.366
2026-10-02,SARDAEN,188,-2.6158,497.3,-0.32,-0.63,-4.22,1.9757
2026-10-02,POONAWALLA,189,-2.691,433.4,-5.71,-9.02,7.08,2.8424
2026-10-02,TITAN,190,-2.8242,4515.7,-11.0,0.7,6.74,1.2627
2026-10-02,YESBANK,191,-2.8738,20.75,-6.32,-14.47,14.45,2.2053
2026-10-02,JSWDULUX,192,-3.268,3079.0,-2.05,-6.03,3.07,1.534
2026-10-02,BAJAJ-AUTO,193,-3.2801,10045.0,-17.19,0.08,11.0,1.8607
2026-10-02,EIHOTEL,194,-3.3505,301.1,2.26,-8.59,-0.82,2.1359
2026-10-02,TMCV,195,-3.3611,415.5,-7.14,-3.35,4.91,1.6599
2026-10-02,LTTS,196,-3.3921,3267.8,-6.77,3.36,-2.22,1.6612
2026-10-02,PAGEIND,197,-3.4659,36385.0,1.99,-14.99,7.19,1.6764
2026-10-02,TATACHEM,198,-3.4855,607.8,-4.12,-12.69,-2.52,5.547
2026-10-02,ITCHOTELS,199,-3.5349,158.51,-0.08,-13.76,7.99,1.6531
2026-10-02,SCHAEFFLER,200,-3.536,3897.1,-2.58,-6.37,3.02,1.6742
2026-10-02,NTPCGREEN,201,-3.7517,91.09,3.37,-4.15,-5.81,1.7557
2026-10-02,BAJFINANCE,202,-3.7597,948.3,-10.19,-7.85,10.9,1.8998
2026-10-02,ATGL,203,-3.9035,583.05,-5.19,-19.5,12.22,3.1924
2026-10-02,BAJAJHFL,204,-3.9937,82.91,0.16,-7.98,2.97,1.2156
2026-10-02,ANGELONE,205,-4.1781,276.8,-0.88,-19.99,12.47,2.0084
2026-10-02,ABSLAMC,206,-4.2534,991.7,-2.96,-14.56,6.62,2.5645
2026-10-02,JINDALSTEL,207,-4.4286,1100.5,-5.08,3.87,-5.8,1.5819
2026-10-02,PIDILITIND,208,-4.4672,1464.0,-10.57,-9.46,13.04,1.5632
2026-10-02,JMFINANCIL,209,-4.5085,123.4,-4.63,-6.63,2.29,1.9896
2026-10-02,TECHNOE,210,-4.5734,1008.75,3.32,-6.75,-4.89,1.8208
2026-10-02,TRITURBINE,211,-4.7095,530.0,-6.23,-18.39,16.01,1.8266
2026-10-02,GODREJIND,212,-4.7841,1019.6,-10.47,-15.67,19.78,1.3286
2026-10-02,360ONE,213,-4.8039,1030.0,-11.63,-7.17,10.82,1.6613
2026-10-02,GROWW,214,-4.807,180.11,-5.15,-10.02,8.1,1.4695
2026-10-02,JUBLINGREA,215,-4.8782,638.0,-6.67,-7.62,5.27,1.8481
2026-10-02,UNIONBANK,216,-4.9688,167.59,-10.31,4.04,-2.5,1.7644
2026-10-02,INDUSINDBK,217,-5.0007,886.85,-9.32,-12.18,13.0,1.6982
2026-10-02,LICI,218,-5.0371,391.85,-4.02,-8.68,5.45,1.4391
2026-10-02,KAYNES,219,-5.0414,3399.0,-5.14,1.18,-9.39,2.6455
2026-10-02,UNITDSPR,220,-5.0417,1335.1,-9.15,-6.46,7.83,1.5414
2026-10-02,VBL,221,-5.1151,425.3,2.48,-14.05,6.1,1.07
2026-10-02,SONATSOFTW,222,-5.1901,254.05,-12.18,-8.29,7.62,2.4756
2026-10-02,OIL,223,-5.2274,448.65,-8.44,6.29,-4.99,1.3651
2026-10-02,BLUESTARCO,224,-5.3087,1459.6,0.99,-8.65,-5.25,2.4321
2026-10-02,HDFCLIFE,225,-5.358,534.2,0.23,-5.32,-8.17,2.4744
2026-10-02,JKCEMENT,226,-5.4964,5076.0,-0.05,-7.63,-5.23,2.3489
2026-10-02,SIGNATURE,227,-5.7689,727.15,-5.55,-4.76,0.48,1.7039
2026-10-02,IFCI,228,-6.1867,65.14,-33.75,-13.29,23.58,3.7905
2026-10-02,MARICO,229,-6.2047,781.35,-5.79,-6.77,3.73,1.4229
2026-10-02,ASIANPAINT,230,-6.4087,2407.0,-4.77,-12.63,10.1,1.1385
2026-10-02,HEXT,231,-6.4683,494.1,-10.34,-9.6,9.78,1.5726
2026-10-02,HCLTECH,232,-6.5014,1243.1,-6.64,9.6,-13.77,1.6623
2026-10-02,TIMKEN,233,-6.7075,3098.8,-1.14,-7.41,-5.48,2.0904
2026-10-02,LICHSGFIN,234,-6.7469,509.0,-5.96,-7.26,-0.75,2.0705
2026-10-02,LTM,235,-6.9059,4045.0,-12.54,7.64,-6.09,1.5913
2026-10-02,NSLNISP,236,-7.3868,40.95,-10.37,-6.91,3.88,1.8145
2026-10-02,GMRAIRPORT,237,-7.4668,93.16,-0.88,-17.88,2.45,2.185
2026-10-02,LEMONTREE,238,-7.5452,107.67,1.4,-10.35,-1.72,1.4132
2026-10-02,BALKRISIND,239,-7.5596,2117.0,-9.21,-4.66,2.41,1.5159
2026-10-02,CDSL,240,-7.6026,1242.5,-8.99,-8.55,3.24,1.88
2026-10-02,TEJASNET,241,-7.6393,464.8,-15.31,-18.46,11.0,2.981
2026-10-02,IGL,242,-7.8392,142.79,-3.48,-6.19,-3.64,1.6992
2026-10-02,NEWGEN,243,-8.0276,467.85,-12.07,-2.92,5.65,1.1631
2026-10-02,HINDALCO,244,-8.0425,941.85,-6.72,-3.93,-1.33,1.4892
2026-10-02,BHARTIHEXA,245,-8.11,1424.5,-5.77,-2.04,-6.13,1.7187
2026-10-02,CUMMINSIND,246,-8.1929,4860.0,-4.49,-12.88,4.77,1.5384
2026-10-02,DEEPAKNTR,247,-8.2005,1492.8,-13.91,-6.83,7.55,1.6088
2026-10-02,ASHOKLEY,248,-8.2298,154.19,-9.58,-6.18,2.17,1.6514
2026-10-02,MPHASIS,249,-8.2908,2250.2,-9.27,-2.47,-3.35,1.8192
2026-10-02,INDUSTOWER,250,-8.366,376.25,-0.73,-2.66,-11.08,1.7301
2026-10-02,SBILIFE,251,-8.4547,1696.4,-2.47,-5.16,-7.64,1.8061
2026-10-02,BSE,252,-8.5934,3046.0,-3.85,-19.9,3.23,2.3883
2026-10-02,COALINDIA,253,-8.6404,420.4,0.61,-2.76,-9.2,1.3141
2026-10-02,NAVA,254,-8.7647,559.35,-0.75,-10.12,-0.76,1.3281
2026-10-02,ICICIGI,255,-9.0286,1563.0,1.69,-12.46,-9.48,2.2418
2026-10-02,KEI,256,-9.3,4455.0,-16.7,-15.47,8.05,2.5936
2026-10-02,HINDPETRO,257,-9.3581,345.0,-3.9,-13.83,4.1,1.4556
2026-10-02,SRF,258,-9.379,2486.2,-4.32,-12.17,3.76,1.3566
2026-10-02,POLYCAB,259,-9.5444,7990.0,-9.25,-16.63,10.56,1.6051
2026-10-02,TATACAP,260,-9.6008,319.3,-12.46,-8.81,3.52,1.8492
2026-10-02,IOC,261,-9.6039,131.34,-4.13,-7.3,-2.31,1.4302
2026-10-02,CREDITACC,262,-9.6856,1272.0,-8.71,-18.33,7.74,1.9916
2026-10-02,AXISBANK,263,-9.7361,1217.1,-2.93,-9.14,-2.64,1.5118
2026-10-02,IREDA,264,-9.7564,111.0,-1.38,-12.42,-4.05,1.8288
2026-10-02,PGEL,265,-9.7776,493.45,-13.41,-12.28,9.25,1.6809
2026-10-02,IRCON,266,-9.8889,110.25,-6.77,-17.88,-12.31,3.7376
2026-10-02,CHOLAFIN,267,-9.8919,1580.0,-13.47,-14.62,11.66,1.6604
2026-10-02,APTUS,268,-9.9451,226.4,-10.96,-20.7,13.34,1.843
2026-10-02,SBICARD,269,-9.9644,578.05,-8.59,-4.26,-8.98,2.192
2026-10-02,BERGEPAINT,270,-9.9703,455.45,-7.21,-12.32,5.67,1.3901
2026-10-02,DALBHARAT,271,-10.0326,1683.7,-6.8,-4.61,-6.16,1.7521
2026-10-02,HINDCOPPER,272,-10.4205,472.65,-10.25,-5.32,-6.1,2.0797
2026-10-02,IGIL,273,-10.6662,311.95,-4.66,-12.35,-1.73,1.7572
2026-10-02,MFSL,274,-10.6834,1373.4,-10.51,-13.98,-8.37,3.0755
2026-10-02,COCHINSHIP,275,-10.7423,1287.0,-12.03,-14.56,-4.53,2.8969
2026-10-02,TORNTPOWER,276,-10.7689,1245.9,2.18,-8.83,-9.66,1.5138
2026-10-02,AAVAS,277,-10.7897,1211.9,-2.92,-19.53,5.44,1.5774
2026-10-02,NESTLEIND,278,-10.833,1307.7,-8.23,-11.26,6.94,1.1587
2026-10-02,ZYDUSWELL,279,-10.9352,493.25,-7.73,-15.36,-0.67,2.1735
2026-10-02,BBTC,280,-10.9898,1357.4,-9.68,-12.69,-3.78,2.3795
2026-10-02,TARIL,281,-11.2615,280.8,-7.02,-17.71,4.6,1.7878
2026-10-02,NIVABUPA,282,-11.303,74.81,-9.1,-13.63,3.06,1.7409
2026-10-02,PATANJALI,283,-11.3461,355.15,2.94,-14.52,-24.13,3.1475
2026-10-02,ICICIBANK,284,-11.5079,1310.6,-8.12,-8.15,5.23,0.9601
2026-10-02,APOLLOTYRE,285,-11.5442,404.75,-6.77,-11.11,-1.96,1.7191
2026-10-02,TATASTEEL,286,-11.7201,178.0,-3.18,-6.74,-10.16,1.7137
2026-10-02,ULTRACEMCO,287,-11.7723,10710.0,-5.99,-8.16,-2.07,1.3775
2026-10-02,EMAMILTD,288,-11.9129,372.65,1.25,-10.58,-9.18,1.5536
2026-10-02,SUNDARMFIN,289,-11.9395,4355.0,-4.08,-4.82,-5.28,1.1876
2026-10-02,EICHERMOT,290,-12.1326,6920.0,-10.26,-7.38,4.76,1.0619
2026-10-02,AIAENG,291,-12.1846,3869.0,-9.13,-19.4,5.11,1.9216
2026-10-02,HDFCBANK,292,-12.2027,721.2,2.91,-13.09,-6.58,1.3736
2026-10-02,SHRIRAMFIN,293,-12.2059,945.0,-9.74,-11.04,1.54,1.5765
2026-10-02,RAILTEL,294,-12.2811,265.65,-4.41,-15.53,-0.49,1.6636
2026-10-02,OLECTRA,295,-12.3351,1134.2,-9.07,-23.88,9.89,1.8694
2026-10-02,SWIGGY,296,-12.3462,238.0,-11.09,-4.18,-11.62,2.1782
2026-10-02,UTIAMC,297,-12.4268,883.7,0.76,-10.87,-5.15,1.228
2026-10-02,LTF,298,-12.7241,264.35,-15.49,-21.23,3.85,2.5836
2026-10-02,ANURAS,299,-12.8388,1163.7,-6.18,-8.31,-6.42,1.6289
2026-10-02,BAJAJFINSV,300,-12.9994,1732.6,-12.93,-7.38,2.86,1.3428
2026-10-02,JPPOWER,301,-13.1419,14.8,-9.59,-16.34,-2.63,2.1731
2026-10-02,ZFCVINDIA,302,-13.1599,2241.0,-12.88,-6.61,-1.49,1.5934
2026-10-02,KFINTECH,303,-13.2313,840.0,-10.4,-4.55,-8.67,1.7853
2026-10-02,SBFC,304,-13.4291,85.48,-14.48,-6.32,2.0,1.3996
2026-10-02,HDBFS,305,-13.5652,618.2,-8.44,-16.94,6.17,1.4161
2026-10-02,CONCOR,306,-13.942,442.0,-13.33,-8.17,-2.56,1.7254
2026-10-02,LT,307,-14.0692,3693.4,-7.22,-8.6,-0.8,1.182
2026-10-02,JSWENERGY,308,-14.1441,485.0,-10.15,-11.4,-0.57,1.5643
2026-10-02,POLICYBZR,309,-14.2522,980.0,-47.08,-38.0,-32.86,8.2757
2026-10-02,BANKINDIA,310,-14.5614,129.48,-9.52,-7.38,-5.87,1.5635
2026-10-02,CENTRALBK,311,-14.6284,30.0,-1.22,-8.03,-11.3,1.4045
2026-10-02,COLPAL,312,-14.6398,1763.3,-5.19,-13.86,-3.63,1.549
2026-10-02,ICICIPRULI,313,-14.7066,448.05,-10.3,-7.64,-13.28,2.1226
2026-10-02,AMBER,314,-14.7572,6500.0,-12.34,-14.64,1.03,1.758
2026-10-02,CEATLTD,315,-14.8828,3264.4,-3.99,-14.08,-2.47,1.3805
2026-10-02,VTL,316,-14.9369,534.6,-11.24,-19.76,-0.45,2.1053
2026-10-02,COROMANDEL,317,-15.0201,1758.2,-8.57,-13.57,-7.08,1.9453
2026-10-02,SUMICHEM,318,-15.1539,417.6,-17.33,-13.73,6.19,1.641
2026-10-02,CAMS,319,-15.1798,677.25,-8.71,-14.14,0.68,1.4607
2026-10-02,ASTRAL,320,-15.2845,1370.4,-9.06,-1.05,-10.01,1.3168
2026-10-02,GODIGIT,321,-15.5877,260.05,-0.27,-17.06,-18.72,2.3129
2026-10-02,GODFRYPHLP,322,-15.7519,1849.7,-8.67,-13.69,-4.17,1.6844
2026-10-02,SOBHA,323,-15.9342,1213.1,-1.38,-16.74,-1.27,1.217
2026-10-02,BHARTIARTL,324,-15.9599,1741.1,-6.53,-9.59,-4.87,1.3154
2026-10-02,MAPMYINDIA,325,-16.03,858.1,-14.16,-8.55,-2.01,1.542
2026-10-02,FACT,326,-16.0353,757.95,-7.03,-14.19,-4.13,1.5809
2026-10-02,GICRE,327,-16.1802,331.15,-6.65,-8.26,-14.09,1.7921
2026-10-02,UPL,328,-16.3325,539.75,-4.82,-11.14,-11.19,1.6623
2026-10-02,TRAVELFOOD,329,-16.4408,1200.3,-5.53,-8.43,-5.51,1.184
2026-10-02,MMTC,330,-16.555,56.29,-9.36,-15.05,-0.86,1.5262
2026-10-02,BEL,331,-16.6855,383.1,-5.58,-9.98,-10.45,1.5586
2026-10-02,INFY,332,-16.7923,1035.0,-9.21,-0.69,-22.73,1.943
2026-10-02,INOXWIND,333,-16.847,68.75,-2.61,-20.93,-15.15,2.2967
2026-10-02,SWANCORP,334,-16.9327,272.8,-4.41,-18.23,-12.98,2.1038
2026-10-02,TATAPOWER,335,-17.2943,350.15,-3.8,-7.26,-9.69,1.1997
2026-10-02,JWL,336,-17.3575,223.93,-6.45,-13.26,-15.93,2.0529
2026-10-02,HDFCAMC,337,-17.3718,2308.1,-8.62,-16.78,-1.58,1.5528
2026-10-02,GILLETTE,338,-17.7011,7000.0,-5.65,-8.02,-6.62,1.1468
2026-10-02,FORCEMOT,339,-17.8982,16800.0,-4.55,-10.38,-15.66,1.7091
2026-10-02,PREMIERENE,340,-17.9272,878.05,-12.2,-14.16,-6.92,1.856
2026-10-02,AWL,341,-17.9813,175.43,-8.27,-8.04,-2.03,1.02
2026-10-02,ESCORTS,342,-18.63,2715.2,-9.98,-8.42,-6.16,1.318
2026-10-02,ATUL,343,-18.8317,5915.5,-8.32,-9.78,-3.8,1.1624
2026-10-02,TENNIND,344,-18.896,495.4,-4.69,-16.51,-9.36,1.6173
2026-10-02,JAINREC,345,-18.9747,292.35,4.15,-19.75,-35.08,2.6711
2026-10-02,BANKBARODA,346,-19.0761,230.82,-4.3,-7.65,-10.57,1.1809
2026-10-02,SBIN,347,-19.173,954.1,-6.54,-8.06,-7.4,1.1477
2026-10-02,MRF,348,-19.2177,125280.0,-5.33,-6.96,-1.39,0.712
2026-10-02,NCC,349,-19.2395,130.06,-8.75,-13.54,-7.29,1.5369
2026-10-02,NATIONALUM,350,-19.2528,334.9,-9.49,-4.6,-18.66,1.7011
2026-10-02,RVNL,351,-19.2766,201.76,-3.18,-14.43,-22.86,2.099
2026-10-02,CANBK,352,-19.3409,118.36,-6.29,-6.41,-8.61,1.1014
2026-10-02,SHREECEM,353,-19.3697,22345.0,-4.87,-16.51,-5.7,1.3984
2026-10-02,TTML,354,-19.381,34.3,-11.87,-19.8,-8.53,2.0746
2026-10-02,INDIANB,355,-19.4182,793.15,-9.75,0.79,-12.38,1.0987
2026-10-02,GODREJPROP,356,-19.4934,1595.8,-19.02,-22.02,-0.57,2.1349
2026-10-02,ABREL,357,-19.7109,1130.7,-16.68,-19.56,-4.07,2.0449
2026-10-02,GALLANTT,358,-20.0075,537.5,-2.77,-21.96,-4.8,1.4758
2026-10-02,DABUR,359,-20.0547,380.1,-1.02,-14.46,-8.12,1.1766
2026-10-02,NHPC,360,-20.2551,71.75,-5.16,-10.14,-5.18,1.0111
2026-10-02,THERMAX,361,-20.4346,3392.2,-13.31,-26.38,3.53,1.7697
2026-10-02,DOMS,362,-20.4438,2107.0,-5.62,-9.97,-10.15,1.2592
2026-10-02,DMART,363,-20.5479,3813.0,-0.01,-6.19,-14.62,1.0135
2026-10-02,ARE&M,364,-20.7274,747.4,-14.22,-12.22,3.27,1.1174
2026-10-02,NLCINDIA,365,-20.7482,253.2,-8.09,-17.78,-6.72,1.571
2026-10-02,TCS,366,-20.8479,2075.0,-11.63,0.85,-18.3,1.395
2026-10-02,POWERGRID,367,-20.9974,254.55,-4.59,-10.81,-13.83,1.3921
2026-10-02,CCL,368,-21.0081,1019.5,-7.33,-13.09,-8.72,1.3868
2026-10-02,VOLTAS,369,-21.0777,1053.2,-8.58,-18.01,-13.69,1.9109
2026-10-02,DELHIVERY,370,-21.2939,409.7,-11.09,-19.26,-6.01,1.7077
2026-10-02,BIKAJI,371,-21.3411,504.05,-14.6,-23.06,-20.75,2.7368
2026-10-02,VMM,372,-21.5902,99.5,-8.35,-16.44,-11.57,1.6841
2026-10-02,PIIND,373,-21.7005,2236.0,-6.56,-16.46,-20.85,2.0215
2026-10-02,JBMA,374,-22.1148,556.5,-10.51,-20.9,-0.76,1.4546
2026-10-02,HAVELLS,375,-22.1346,1040.0,-12.82,-11.98,-15.73,1.831
2026-10-02,IRCTC,376,-22.2136,454.1,-3.91,-10.78,-12.03,1.203
2026-10-02,CHOLAHLDNG,377,-22.2876,1386.2,-6.02,-17.19,-2.91,1.172
2026-10-02,RAMCOCEM,378,-22.6039,845.55,-3.87,-10.35,-8.6,1.0095
2026-10-02,M&M,379,-22.6354,2860.0,-10.34,-10.66,-4.88,1.1433
2026-10-02,NMDC,380,-23.1509,74.64,-12.96,-12.26,-8.69,1.4644
2026-10-02,FIRSTCRY,381,-23.1754,174.75,2.3,-19.19,-28.1,1.9413
2026-10-02,INTELLECT,382,-23.2314,613.65,-11.67,-22.03,-5.93,1.7054
2026-10-02,AFCONS,383,-23.2553,242.39,-14.98,-22.85,-16.11,2.3199
2026-10-02,LINDEINDIA,384,-23.5694,6247.5,-1.65,-13.15,-11.96,1.1354
2026-10-02,ZEEL,385,-23.8014,71.92,-20.59,-29.39,-2.24,2.194
2026-10-02,UCOBANK,386,-24.1784,22.93,-5.99,-13.7,-5.75,1.0522
2026-10-02,HUDCO,387,-24.1814,161.54,-9.43,-24.72,-6.18,1.6677
2026-10-02,ITI,388,-24.247,246.4,-8.25,-17.3,-4.58,1.2425
2026-10-02,NBCC,389,-24.3521,77.4,-8.94,-22.27,-8.03,1.6113
2026-10-02,JKTYRE,390,-24.5267,340.35,-8.05,-16.88,-13.43,1.5639
2026-10-02,IRB,391,-24.6736,17.0,-11.37,-17.83,-17.27,1.8836
2026-10-02,IOB,392,-24.7613,30.38,-7.04,-11.17,-7.77,1.0492
2026-10-02,BLUEDART,393,-24.8602,4496.8,-11.91,-7.32,-8.22,1.1041
2026-10-02,ITC,394,-24.8946,255.9,-3.91,-11.22,-14.26,1.1804
2026-10-02,TMPV,395,-25.0637,279.4,-10.66,-19.49,-9.49,1.5819
2026-10-02,AADHARHFC,396,-25.2519,436.0,-8.49,-21.53,-3.91,1.3436
2026-10-02,GPIL,397,-25.5643,222.34,-8.66,-12.64,-19.24,1.5854
2026-10-02,CIEINDIA,398,-25.8541,386.3,-1.16,-17.99,-15.3,1.3328
2026-10-02,TRENT,399,-26.0092,2580.0,-9.55,-22.84,1.23,1.198
2026-10-02,RECLTD,400,-26.0515,287.75,-9.07,-21.11,-12.63,1.6433
2026-10-02,UBL,401,-26.4774,1158.1,-11.52,-13.9,-21.84,1.7848
2026-10-02,BDL,402,-26.5475,1087.9,-13.22,-22.82,-11.98,1.8089
2026-10-02,JIOFIN,403,-26.6062,212.5,-10.3,-11.46,-9.7,1.1824
2026-10-02,TATACONSUM,404,-26.6479,957.0,-5.43,-14.39,-9.89,1.1151
2026-10-02,MUTHOOTFIN,405,-27.5517,2697.1,-8.19,-14.04,-16.79,1.4163
2026-10-02,IRFC,406,-27.7416,77.06,-6.57,-14.61,-17.08,1.3789
2026-10-02,GMDCLTD,407,-27.9476,487.65,-12.55,-18.46,-17.78,1.7458
2026-10-02,INDIAMART,408,-28.283,1620.3,-6.92,-14.24,-21.1,1.494
2026-10-02,MAZDOCK,409,-28.6066,2064.0,-16.06,-19.81,-11.34,1.6506
2026-10-02,AMBUJACEM,410,-28.7148,362.25,-10.04,-17.93,-13.84,1.4563
2026-10-02,IEX,411,-28.7336,105.98,-10.84,-14.32,-16.53,1.4508
2026-10-02,RELIANCE,412,-28.8472,1167.7,-11.07,-11.62,-10.49,1.1506
2026-10-02,SAMMAANCAP,413,-29.09,132.48,-13.02,-25.0,-8.75,1.6077
2026-10-02,MSUMI,414,-29.1255,33.53,-8.39,-18.3,-9.4,1.2391
2026-10-02,GRSE,415,-29.2904,2111.1,-15.39,-23.67,-8.42,1.6211
2026-10-02,WAAREEENER,416,-29.8903,2340.0,-9.34,-18.64,-24.12,1.7431
2026-10-02,ZENSARTECH,417,-29.945,422.1,-10.75,-18.21,-23.63,1.7564
2026-10-02,ABFRL,418,-30.8702,44.53,-11.77,-28.67,-22.77,2.0477
2026-10-02,ONGC,419,-31.6376,222.37,-6.37,-8.83,-22.42,1.1892
2026-10-02,INDIACEM,420,-32.1712,295.15,-17.62,-22.57,-18.95,1.8385
2026-10-02,GRAVITA,421,-32.1759,1412.6,-19.24,-20.25,1.3,1.187
2026-10-02,BSOFT,422,-32.2509,269.75,-8.37,-3.92,-26.66,1.2077
2026-10-02,MARUTI,423,-32.3856,11386.0,-11.39,-21.24,-11.03,1.348
2026-10-02,CHAMBLFERT,424,-32.3902,399.3,-2.95,-16.12,-11.04,0.9297
2026-10-02,KEC,425,-32.4478,372.35,-8.69,-26.33,-29.92,2.0012
2026-10-02,ACC,426,-32.6368,1182.8,-6.62,-15.34,-11.73,1.0322
2026-10-02,NTPC,427,-33.1066,315.1,-4.52,-11.55,-14.57,0.9254
2026-10-02,WIPRO,428,-33.3278,159.35,-10.02,-8.59,-22.16,1.2232
2026-10-02,HINDUNILVR,429,-33.4032,1836.0,-7.04,-16.62,-13.01,1.0978
2026-10-02,JSWCEMENT,430,-33.5026,111.6,-9.71,-18.22,-7.11,1.0459
2026-10-02,BLS,431,-34.1066,216.51,-7.95,-13.4,-19.69,1.2034
2026-10-02,KPITTECH,432,-34.2725,492.0,-16.33,-11.83,-30.49,1.7112
2026-10-02,EIDPARRY,433,-34.828,674.55,-15.75,-12.07,-17.23,1.2936
2026-10-02,SUZLON,434,-34.9663,38.91,-14.41,-29.85,-6.35,1.4476
2026-10-02,DCMSHRIRAM,435,-35.3499,915.6,-11.14,-10.75,-19.27,1.1645
2026-10-02,SJVN,436,-35.7238,57.91,-9.4,-19.29,-14.25,1.2019
2026-10-02,CROMPTON,437,-36.3699,202.7,-10.99,-25.56,-13.58,1.3783
2026-10-02,CESC,438,-36.3979,131.62,-10.12,-22.22,-14.16,1.2775
2026-10-02,TIINDIA,439,-36.4565,2340.0,-13.97,-22.15,-9.59,1.2539
2026-10-02,BATAINDIA,440,-36.5252,613.0,-8.57,-11.04,-8.44,0.768
2026-10-02,TRIDENT,441,-36.7186,22.44,-7.04,-16.05,-7.23,0.8259
2026-10-02,BRITANNIA,442,-39.471,4778.0,-7.3,-12.4,-13.79,0.8483
2026-10-02,TATAELXSI,443,-40.2414,3092.8,-14.3,-15.46,-29.03,1.461
2026-10-02,CANFINHOME,444,-40.614,719.2,-9.35,-20.1,-11.67,1.0124
2026-10-02,PFC,445,-41.3676,318.0,-8.23,-24.48,-21.94,1.3211
2026-10-02,LATENTVIEW,446,-43.5292,234.48,-13.48,-17.99,-19.99,1.1819
2026-10-02,VEDL,447,-45.6193,252.05,-6.89,-10.62,-64.66,1.8013
2026-10-02,GODREJCP,448,-46.696,840.0,-7.18,-23.68,-18.38,1.0545
2026-10-02,RPOWER,449,-47.7547,19.41,-11.97,-23.1,-17.05,1.0915
2026-10-02,ABLBL,450,-49.8658,74.44,-10.07,-22.93,-24.01,1.1434
2026-10-02,BAYERCROP,451,-53.2012,3554.2,-10.69,-14.83,-23.59,0.923
2026-10-05,WELSPUNLIV,1,79.4404,239.17,19.58,40.98,100.46,2.0269
2026-10-05,REDINGTON,2,68.5449,397.95,9.57,43.79,92.35,2.1258
2026-10-05,HFCL,3,67.5791,238.36,5.34,5.96,228.14,3.5432
2026-10-05,WELCORP,4,62.5736,2605.8,3.26,68.81,196.4,4.2905
2026-10-05,AEGISLOG,5,45.1975,1401.1,12.83,-0.57,138.28,3.3306
2026-10-05,RRKABEL,6,44.6462,2518.2,-4.27,9.72,90.51,2.1494
2026-10-05,FINCABLES,7,42.2947,1458.8,22.46,34.2,79.99,3.2311
2026-10-05,CPPLUS,8,41.9533,3799.6,2.1,5.21,107.45,2.7354
2026-10-05,ACE,9,41.5687,1212.3,11.13,20.46,45.19,1.8469
2026-10-05,SONACOMS,10,40.9911,805.0,2.86,20.6,56.27,1.9448
2026-10-05,SYRMA,11,38.8718,1717.9,19.8,23.49,112.49,4.0076
2026-10-05,BHEL,12,38.0063,421.0,-1.52,8.65,66.02,1.9244
2026-10-05,PAYTM,13,37.2434,1656.0,2.29,35.94,61.02,2.6647
2026-10-05,CEMPRO,14,36.1533,1178.9,-4.6,-22.51,109.71,2.2846
2026-10-05,TBOTEK,15,35.5766,1671.5,-2.96,9.82,52.44,1.6668
2026-10-05,ENGINERSIN,16,35.4674,312.75,13.07,28.22,57.37,2.7817
2026-10-05,SAREGAMA,17,34.9082,494.75,3.66,1.37,59.03,1.8351
2026-10-05,ATHERENERG,18,34.8124,1406.1,-16.61,24.94,84.77,2.6745
2026-10-05,APARINDS,19,34.7902,17648.0,4.97,23.21,73.84,2.9324
2026-10-05,INDGN,20,34.5763,593.5,-1.11,20.11,27.73,1.3514
2026-10-05,CYIENT,21,32.7041,1104.6,-1.57,26.97,32.71,1.7769
2026-10-05,LGEINDIA,22,32.6479,1721.8,4.15,10.36,24.84,1.2052
2026-10-05,ACMESOLAR,23,32.0347,432.55,8.61,12.73,56.04,2.4157
2026-10-05,RKFORGE,24,31.6068,695.45,-4.22,21.06,37.26,1.7119
2026-10-05,COFORGE,25,30.2704,1826.0,-7.11,23.22,48.38,2.1307
2026-10-05,RADICO,26,29.8394,4237.0,-5.34,3.17,61.16,1.977
2026-10-05,ETERNAL,27,29.7445,313.9,-4.09,10.76,35.32,1.4116
2026-10-05,AEGISVOPAK,28,29.5762,290.75,1.55,3.85,66.59,2.4342
2026-10-05,KALYANKJIL,29,29.3074,528.5,-10.42,38.62,27.55,1.9022
2026-10-05,JSWINFRA,30,28.6364,357.45,7.63,10.32,52.55,2.4623
2026-10-05,HSCL,31,28.4843,665.15,0.84,-2.78,45.83,1.5411
2026-10-05,CRAFTSMAN,32,28.4197,10266.0,-6.66,12.85,51.38,2.0257
2026-10-05,MOTHERSON,33,27.2569,157.03,-3.84,8.05,44.81,1.7984
2026-10-05,SHYAMMETL,34,26.8866,1047.8,-2.31,9.32,27.49,1.2831
2026-10-05,ABDL,35,26.6198,679.45,12.42,-3.31,58.94,2.5562
2026-10-05,ANANDRATHI,36,24.7148,2117.5,-3.68,1.05,28.62,1.0518
2026-10-05,JYOTICNC,37,24.6432,1032.1,8.0,33.93,34.67,3.1085
2026-10-05,CARBORUNIV,38,24.1192,1239.7,15.7,8.32,44.83,2.8545
2026-10-05,MOTILALOFS,39,24.0071,989.9,-2.72,3.87,41.65,1.7827
2026-10-05,BOSCHLTD,40,23.6486,45480.0,-6.32,8.56,41.53,1.8505
2026-10-05,PTCIL,41,23.1043,22025.0,-3.04,23.55,37.43,2.5079
2026-10-05,NAVINFLUOR,42,23.0585,8136.5,-4.75,5.27,39.77,1.7471
2026-10-05,FLUOROCHEM,43,22.9177,4341.5,-8.17,10.3,34.16,1.5833
2026-10-05,TEGA,44,22.7696,2093.4,35.96,25.73,22.06,3.6784
2026-10-05,GESHIP,45,22.4822,1530.6,17.23,8.55,7.45,1.4779
2026-10-05,RBLBANK,46,21.7873,411.4,5.65,11.61,31.61,2.2429
2026-10-05,THELEELA,47,21.4735,568.95,-1.11,19.6,36.8,2.5748
2026-10-05,DEVYANI,48,21.4106,127.07,-7.97,11.34,27.81,1.4564
2026-10-05,KOTAKBANK,49,21.2027,418.35,-1.22,9.72,15.26,1.1208
2026-10-05,BALRAMCHIN,50,21.0797,649.05,-3.09,13.67,34.27,2.1275
2026-10-05,CARTRADE,51,20.9537,2806.6,-4.29,0.54,59.1,2.6421
2026-10-05,SAPPHIRE,52,20.5581,209.82,-8.06,13.72,32.34,1.8485
2026-10-05,MEESHO,53,20.4823,218.69,3.35,15.14,47.7,3.2316
2026-10-05,CASTROLIND,54,20.4323,199.04,6.96,8.06,11.54,1.3002
2026-10-05,EXIDEIND,55,20.3054,409.45,-3.81,-1.52,37.75,1.5969
2026-10-05,CGCL,56,19.9118,249.23,-2.87,2.83,46.59,2.3374
2026-10-05,MCX,57,19.5592,3204.0,-2.5,17.66,26.05,2.107
2026-10-05,LODHA,58,19.4297,1105.6,-8.5,0.89,54.06,2.3904
2026-10-05,TVSMOTOR,59,19.0264,4021.0,-4.26,8.53,15.86,1.0578
2026-10-05,IIFL,60,18.9778,583.8,-7.81,10.62,36.27,2.0596
2026-10-05,NYKAA,61,18.89,324.95,-3.69,3.65,31.06,1.6423
2026-10-05,PARADEEP,62,18.8631,151.22,-3.18,5.81,30.77,1.7707
2026-10-05,BELRISE,63,18.5107,237.5,1.36,6.84,24.93,1.79
2026-10-05,ASAHIINDIA,64,18.4731,944.25,-0.71,8.28,17.24,1.3427
2026-10-05,GAIL,65,18.286,171.22,-1.03,-2.18,17.77,0.7967
2026-10-05,NUVAMA,66,16.9606,1701.4,-7.58,-8.99,44.64,1.655
2026-10-05,KARURVYSYA,67,16.7473,325.3,-6.15,6.95,24.14,1.4895
2026-10-05,AIIL,68,16.3146,539.3,6.28,3.26,30.82,2.4739
2026-10-05,KIRLOSENG,69,16.1574,2242.7,3.79,-1.01,60.39,3.9092
2026-10-05,CHENNPETRO,70,15.9206,1346.4,-4.78,20.17,39.07,3.4207
2026-10-05,KAJARIACER,71,15.5212,1225.1,-0.32,1.9,23.82,1.6362
2026-10-05,ECLERX,72,15.3499,1802.9,-10.06,20.33,20.58,2.0099
2026-10-05,PNBHOUSING,73,15.1738,1092.0,-4.29,0.2,33.66,1.9486
2026-10-05,GRAPHITE,74,14.6851,786.15,8.2,26.7,24.83,4.0665
2026-10-05,SUNTV,75,14.4541,599.9,30.24,16.94,1.69,3.381
2026-10-05,PVRINOX,76,14.4275,1215.3,0.44,19.85,28.41,3.3753
2026-10-05,SIEMENS,77,14.4007,3804.0,-5.35,6.51,23.69,1.7254
2026-10-05,ADANIENT,78,14.2837,2816.8,-2.59,-12.16,49.66,2.4443
2026-10-05,ENRIN,79,14.1661,3334.0,6.88,-2.52,26.82,2.2007
2026-10-05,NAUKRI,80,13.988,1200.0,-11.5,15.98,20.69,1.799
2026-10-05,BEML,81,13.8984,1962.3,-3.45,5.77,29.12,2.2627
2026-10-05,ACUTAAS,82,13.7657,3196.5,1.96,-9.06,44.38,2.7086
2026-10-05,JINDALSAW,83,13.4455,270.3,-12.57,4.06,41.59,2.4608
2026-10-05,SCHNEIDER,84,13.3723,1275.4,9.06,-15.03,37.52,2.3588
2026-10-05,IDFCFIRSTB,85,13.2536,80.39,-5.52,-0.92,31.38,1.881
2026-10-05,URBANCO,86,13.0089,156.34,-9.02,16.83,27.98,2.7511
2026-10-05,MINDACORP,87,12.9441,667.35,-5.72,-4.26,31.06,1.6282
2026-10-05,INDHOTEL,88,12.7649,718.0,-1.33,-2.73,19.59,1.2162
2026-10-05,NETWEB,89,12.4011,4520.3,-11.54,2.47,39.52,2.4547
2026-10-05,ANANTRAJ,90,12.1007,577.85,-1.87,4.89,25.77,2.3795
2026-10-05,GABRIEL,91,12.1005,1315.0,-5.05,3.13,47.84,3.7954
2026-10-05,PCBL,92,12.0058,321.5,1.97,-0.26,23.65,2.1116
2026-10-05,CRISIL,93,11.9733,4428.6,-8.3,10.24,16.28,1.5216
2026-10-05,CUB,94,11.8686,230.04,-0.25,2.38,23.42,2.1529
2026-10-05,FIVESTAR,95,11.6346,506.25,-3.54,-8.59,41.83,2.5517
2026-10-05,KPIL,96,11.6166,1356.4,-3.84,-1.74,24.17,1.6005
2026-10-05,HBLENGINE,97,11.3638,779.35,18.05,-3.49,14.51,2.5582
2026-10-05,HAL,98,11.2456,4601.0,-3.74,3.61,21.2,1.8734
2026-10-05,SOLARINDS,99,11.2394,19400.0,-5.83,4.64,44.71,3.873
2026-10-05,APLAPOLLO,100,11.2065,2115.7,-4.27,17.25,11.91,2.2206
2026-10-05,PHOENIXLTD,101,11.1548,1930.0,0.52,-8.35,24.14,1.4619
2026-10-05,LLOYDSME,102,11.0576,1776.8,-2.0,1.22,23.23,2.0302
2026-10-05,CGPOWER,103,10.9257,879.0,0.14,-4.98,26.68,1.9989
2026-10-05,HONASA,104,10.9172,427.9,-9.63,-7.33,40.39,2.1458
2026-10-05,PETRONET,105,10.8593,285.5,-1.28,3.63,11.93,1.3146
2026-10-05,OFSS,106,10.8445,10420.0,-14.3,-5.88,44.88,2.2784
2026-10-05,ADANIPORTS,107,10.336,1737.8,3.89,-6.79,25.84,2.2192
2026-10-05,IKS,108,9.8672,1776.4,1.85,-5.36,25.83,2.2613
2026-10-05,DLF,109,9.6673,658.4,-2.25,-2.21,23.27,1.9458
2026-10-05,POWERINDIA,110,9.622,31290.0,-2.83,-3.31,25.01,1.9619
2026-10-05,ADANIGREEN,111,9.5499,1276.1,-1.54,-17.63,37.9,1.9624
2026-10-05,IDEA,112,8.8967,12.64,-13.01,-10.29,46.47,2.604
2026-10-05,ELGIEQUIP,113,8.3903,584.65,-5.2,-1.23,21.13,1.7515
2026-10-05,SPLPETRO,114,7.7448,780.45,8.12,7.16,8.01,3.0074
2026-10-05,IDBI,115,7.74,86.57,-5.44,3.1,24.31,2.8382
2026-10-05,HYUNDAI,116,7.4075,2024.0,-6.05,0.98,18.63,1.8303
2026-10-05,USHAMART,117,7.1911,491.7,-1.97,-4.44,21.26,2.0641
2026-10-05,ENDURANCE,118,7.0474,2601.4,-5.61,-1.76,17.31,1.4101
2026-10-05,TATATECH,119,6.8092,698.8,-14.07,-1.79,27.39,1.6926
2026-10-05,DATAPATTNS,120,6.1232,4251.3,-5.88,-7.89,32.48,3.0555
2026-10-05,EMMVEE,121,6.0248,305.9,-5.79,-12.81,32.7,2.34
2026-10-05,BAJAJHLDNG,122,6.0087,10666.0,-3.91,-1.41,15.47,1.6886
2026-10-05,CLEAN,123,5.9419,803.05,-6.96,1.31,15.97,1.736
2026-10-05,ADANIENSOL,124,5.9061,1326.4,-5.03,-18.26,34.49,1.896
2026-10-05,PWL,125,5.785,120.17,4.07,-11.05,26.48,3.3709
2026-10-05,KPRMILL,126,5.7392,1071.0,-7.55,-9.58,27.38,1.7849
2026-10-05,RHIM,127,5.6722,384.85,3.87,0.05,4.48,1.4817
2026-10-05,TECHM,128,5.5976,1533.0,-5.55,8.99,4.05,1.3387
2026-10-05,PERSISTENT,129,5.2257,5367.0,-5.68,13.81,-0.36,1.488
2026-10-05,DIXON,130,5.1812,12700.0,-12.95,-4.54,25.54,1.5524
2026-10-05,TATACOMM,131,5.1524,1683.0,-1.58,-11.05,20.35,1.4996
2026-10-05,MAHABANK,132,4.8571,80.5,-2.31,-6.95,20.98,2.4144
2026-10-05,BANDHANBNK,133,4.8425,176.0,8.96,-15.14,18.02,2.4464
2026-10-05,PINELABS,134,4.3924,167.59,3.25,10.99,7.03,4.8413
2026-10-05,WHIRLPOOL,135,3.9964,861.65,7.68,7.61,4.93,5.0571
2026-10-05,NUVOCO,136,3.8594,322.1,-1.84,1.27,10.25,2.5085
2026-10-05,ABCAPITAL,137,3.8086,375.05,-5.54,-8.47,21.55,1.9805
2026-10-05,TITAGARH,138,3.4012,805.1,-2.41,-7.28,15.8,1.798
2026-10-05,CHALET,139,3.3081,830.25,-7.54,0.41,12.37,1.5829
2026-10-05,GVT&D,140,3.2605,4253.2,0.31,-6.62,15.79,2.9094
2026-10-05,HEROMOTOCO,141,3.0226,5168.0,-2.49,4.52,2.32,1.4385
2026-10-05,OLAELEC,142,3.0051,37.08,-4.87,-12.53,28.62,3.7321
2026-10-05,STARHEALTH,143,2.948,537.7,-4.49,-7.51,16.68,1.5882
2026-10-05,PNB,144,2.6213,109.57,-6.35,5.06,4.77,1.3291
2026-10-05,JSL,145,2.5843,732.7,-0.3,4.34,1.69,2.2172
2026-10-05,INDIGO,146,2.4112,4929.9,-1.79,-8.85,14.32,1.5231
2026-10-05,DEEPAKFERT,147,2.3049,1300.9,-8.17,-18.96,32.1,2.1578
2026-10-05,PIRAMALFIN,148,2.1751,2023.3,-7.46,-6.88,18.91,2.1022
2026-10-05,RITES,149,2.1293,209.48,-1.47,-3.09,9.25,2.2067
2026-10-05,HONAUT,150,1.9584,33470.0,-5.93,-15.3,24.49,1.6672
2026-10-05,FEDERALBNK,151,1.9061,318.2,-9.95,-3.66,15.65,1.0676
2026-10-05,ADANIPOWER,152,1.8427,196.21,-5.53,-10.75,20.11,2.0753
2026-10-05,HOMEFIRST,153,1.6041,1125.7,-5.93,-5.49,15.03,2.2455
2026-10-05,AARTIIND,154,1.4912,465.1,-7.94,-4.79,15.57,1.9042
2026-10-05,J&KBANK,155,1.4881,139.98,-3.09,-14.5,19.79,1.4827
2026-10-05,BRIGADE,156,1.4749,569.55,-11.01,5.99,9.82,3.257
2026-10-05,SAGILITY,157,1.3327,43.17,-7.56,6.38,3.03,1.3916
2026-10-05,PRESTIGE,158,1.265,1486.1,-6.06,-12.76,21.6,2.1963
2026-10-05,FSL,159,0.8812,250.4,-7.4,0.43,10.11,3.576
2026-10-05,NAM-INDIA,160,0.8693,1046.0,-10.71,-13.37,25.87,2.0534
2026-10-05,JSWSTEEL,161,0.427,1233.0,-5.59,-0.82,7.04,1.4765
2026-10-05,SAIL,162,0.2478,174.5,-11.2,3.11,8.64,2.2591
2026-10-05,MANAPPURAM,163,0.228,308.9,-9.39,-10.75,20.64,2.2164
2026-10-05,ABB,164,0.1615,6900.0,-7.35,-2.45,10.07,1.6591
2026-10-05,HINDZINC,165,0.0425,555.05,-5.67,2.72,3.03,1.8363
2026-10-05,ELECON,166,-0.0362,440.0,5.62,-17.15,11.41,3.3675
2026-10-05,BPCL,167,-0.037,300.6,-5.94,-2.45,8.34,1.3834
2026-10-05,MGL,168,-0.1316,1045.4,-1.86,-7.15,8.83,1.3304
2026-10-05,ICICIAMC,169,-0.1542,3084.4,3.74,-6.4,2.46,1.2905
2026-10-05,JUBLFOOD,170,-0.2105,443.4,-8.86,1.18,7.32,1.7207
2026-10-05,OBEROIRLTY,171,-0.3629,1754.6,-5.97,-10.18,15.44,1.9434
2026-10-05,LTFOODS,172,-0.4678,399.15,-9.79,5.29,3.76,1.5851
2026-10-05,AFFLE,173,-0.6214,1449.6,-4.5,0.15,3.0,2.1822
2026-10-05,NIACL,174,-0.8,160.21,-19.54,-13.89,28.93,5.618
2026-10-05,M&MFIN,175,-1.1719,319.75,-13.31,-3.63,15.23,1.4662
2026-10-05,SCI,176,-1.3464,267.05,-7.34,-9.09,14.48,1.4497
2026-10-05,UNOMINDA,177,-1.4434,1111.0,-10.11,-2.37,8.77,2.5727
2026-10-05,CHOICEIN,178,-1.6697,719.4,-5.76,-9.37,12.26,1.7244
2026-10-05,TATAINVEST,179,-1.754,615.05,-2.08,-7.41,3.65,3.3272
2026-10-05,SCHAEFFLER,180,-1.9694,3885.6,-2.05,-6.06,4.83,1.6669
2026-10-05,MRPL,181,-1.9953,164.76,-5.97,9.37,-8.12,2.366
2026-10-05,AUBANK,182,-2.4446,987.0,-8.43,-7.01,11.09,1.7796
2026-10-05,POONAWALLA,183,-2.691,433.4,-5.71,-9.02,7.08,2.8424
2026-10-05,TITAN,184,-2.8242,4515.7,-11.0,0.7,6.74,1.2627
2026-10-05,YESBANK,185,-2.8738,20.75,-6.32,-14.47,14.45,2.2053
2026-10-05,EIHOTEL,186,-3.2352,297.85,4.22,-10.93,0.12,2.0389
2026-10-05,BAJAJ-AUTO,187,-3.2801,10045.0,-17.19,0.08,11.0,1.8607
2026-10-05,TMCV,188,-3.3611,415.5,-7.14,-3.35,4.91,1.6599
2026-10-05,LTTS,189,-3.3921,3267.8,-6.77,3.36,-2.22,1.6612
2026-10-05,CANHLIFE,190,-3.4845,143.85,-5.86,1.63,-0.81,1.4479
2026-10-05,TATACHEM,191,-3.4855,607.8,-4.12,-12.69,-2.52,5.547
2026-10-05,ITCHOTELS,192,-3.5349,158.51,-0.08,-13.76,7.99,1.6531
2026-10-05,GRASIM,193,-3.727,2962.0,-10.1,-7.81,13.01,1.3161
2026-10-05,NTPCGREEN,194,-3.7517,91.09,3.37,-4.15,-5.81,1.7557
2026-10-05,BAJFINANCE,195,-3.7597,948.3,-10.19,-7.85,10.9,1.8998
2026-10-05,ATGL,196,-3.9035,583.05,-5.19,-19.5,12.22,3.1924
2026-10-05,BAJAJHFL,197,-3.9937,82.91,0.16,-7.98,2.97,1.2156
2026-10-05,SUPREMEIND,198,-4.1633,3380.0,-4.27,4.51,-10.4,2.4387
2026-10-05,ANGELONE,199,-4.1781,276.8,-0.88,-19.99,12.47,2.0084
2026-10-05,PAGEIND,200,-4.2278,36660.0,1.27,-13.76,5.5,1.6544
2026-10-05,ABSLAMC,201,-4.2534,991.7,-2.96,-14.56,6.62,2.5645
2026-10-05,JINDALSTEL,202,-4.4286,1100.5,-5.08,3.87,-5.8,1.5819
2026-10-05,SARDAEN,203,-4.4625,494.75,-0.46,-2.61,-5.75,1.9773
2026-10-05,PIDILITIND,204,-4.4672,1464.0,-10.57,-9.46,13.04,1.5632
2026-10-05,JMFINANCIL,205,-4.5085,123.4,-4.63,-6.63,2.29,1.9896
2026-10-05,TECHNOE,206,-4.6494,998.6,2.95,-6.96,-4.5,1.8304
2026-10-05,TRITURBINE,207,-4.7095,530.0,-6.23,-18.39,16.01,1.8266
2026-10-05,BHARATFORG,208,-4.7655,1875.0,-7.72,-12.33,12.19,1.6492
2026-10-05,GODREJIND,209,-4.7841,1019.6,-10.47,-15.67,19.78,1.3286
2026-10-05,GROWW,210,-4.807,180.11,-5.15,-10.02,8.1,1.4695
2026-10-05,JUBLINGREA,211,-4.8782,638.0,-6.67,-7.62,5.27,1.8481
2026-10-05,UNIONBANK,212,-4.9688,167.59,-10.31,4.04,-2.5,1.7644
2026-10-05,INDUSINDBK,213,-5.0007,886.85,-9.32,-12.18,13.0,1.6982
2026-10-05,LICI,214,-5.0371,391.85,-4.02,-8.68,5.45,1.4391
2026-10-05,KAYNES,215,-5.0414,3399.0,-5.14,1.18,-9.39,2.6455
2026-10-05,UNITDSPR,216,-5.0417,1335.1,-9.15,-6.46,7.83,1.5414
2026-10-05,360ONE,217,-5.0418,1040.0,-11.96,-8.23,11.92,1.6414
2026-10-05,VBL,218,-5.1151,425.3,2.48,-14.05,6.1,1.07
2026-10-05,SONATSOFTW,219,-5.1901,254.05,-12.18,-8.29,7.62,2.4756
2026-10-05,BLUESTARCO,220,-5.3087,1459.6,0.99,-8.65,-5.25,2.4321
2026-10-05,HDFCLIFE,221,-5.358,534.2,0.23,-5.32,-8.17,2.4744
2026-10-05,SIGNATURE,222,-5.4474,737.45,-5.11,-2.67,-1.61,1.7235
2026-10-05,SBILIFE,223,-5.5447,1721.6,0.1,-3.7,-6.51,1.8224
2026-10-05,JSWDULUX,224,-5.5798,3020.6,-4.51,-5.62,1.36,1.5734
2026-10-05,IFCI,225,-6.1867,65.14,-33.75,-13.29,23.58,3.7905
2026-10-05,MARICO,226,-6.2047,781.35,-5.79,-6.77,3.73,1.4229
2026-10-05,ASIANPAINT,227,-6.4087,2407.0,-4.77,-12.63,10.1,1.1385
2026-10-05,HCLTECH,228,-6.5014,1243.1,-6.64,9.6,-13.77,1.6623
2026-10-05,TIMKEN,229,-6.7075,3098.8,-1.14,-7.41,-5.48,2.0904
2026-10-05,JKCEMENT,230,-6.7463,4952.0,-0.55,-9.48,-5.97,2.372
2026-10-05,LICHSGFIN,231,-6.7469,509.0,-5.96,-7.26,-0.75,2.0705
2026-10-05,HEXT,232,-7.2659,490.45,-9.78,-8.46,6.89,1.5615
2026-10-05,NSLNISP,233,-7.3868,40.95,-10.37,-6.91,3.88,1.8145
2026-10-05,GMRAIRPORT,234,-7.4668,93.16,-0.88,-17.88,2.45,2.185
2026-10-05,LEMONTREE,235,-7.5452,107.67,1.4,-10.35,-1.72,1.4132
2026-10-05,CDSL,236,-7.6026,1242.5,-8.99,-8.55,3.24,1.88
2026-10-05,TEJASNET,237,-7.6393,464.8,-15.31,-18.46,11.0,2.981
2026-10-05,3MINDIA,238,-7.7191,30795.0,-7.56,-12.6,3.56,2.1506
2026-10-05,IGL,239,-7.8392,142.79,-3.48,-6.19,-3.64,1.6992
2026-10-05,HINDALCO,240,-8.0425,941.85,-6.72,-3.93,-1.33,1.4892
2026-10-05,KEI,241,-8.1753,4502.0,-12.92,-14.26,6.26,2.5589
2026-10-05,CUMMINSIND,242,-8.1929,4860.0,-4.49,-12.88,4.77,1.5384
2026-10-05,DEEPAKNTR,243,-8.2005,1492.8,-13.91,-6.83,7.55,1.6088
2026-10-05,MPHASIS,244,-8.2908,2250.2,-9.27,-2.47,-3.35,1.8192
2026-10-05,INDUSTOWER,245,-8.366,376.25,-0.73,-2.66,-11.08,1.7301
2026-10-05,MFSL,246,-8.4893,1392.0,-7.51,-12.0,-6.65,3.0815
2026-10-05,BSE,247,-8.5934,3046.0,-3.85,-19.9,3.23,2.3883
2026-10-05,COALINDIA,248,-8.6404,420.4,0.61,-2.76,-9.2,1.3141
2026-10-05,ICICIGI,249,-9.0286,1563.0,1.69,-12.46,-9.48,2.2418
2026-10-05,HINDPETRO,250,-9.3581,345.0,-3.9,-13.83,4.1,1.4556
2026-10-05,SRF,251,-9.379,2486.2,-4.32,-12.17,3.76,1.3566
2026-10-05,LTM,252,-9.3998,4007.0,-12.66,7.5,-9.8,1.5924
2026-10-05,POLYCAB,253,-9.5444,7990.0,-9.25,-16.63,10.56,1.6051
2026-10-05,TATACAP,254,-9.6008,319.3,-12.46,-8.81,3.52,1.8492
2026-10-05,IOC,255,-9.6039,131.34,-4.13,-7.3,-2.31,1.4302
2026-10-05,AXISBANK,256,-9.7361,1217.1,-2.93,-9.14,-2.64,1.5118
2026-10-05,IREDA,257,-9.7564,111.0,-1.38,-12.42,-4.05,1.8288
2026-10-05,IRCON,258,-9.8889,110.25,-6.77,-17.88,-12.31,3.7376
2026-10-05,CHOLAFIN,259,-9.8919,1580.0,-13.47,-14.62,11.66,1.6604
2026-10-05,APTUS,260,-9.9451,226.4,-10.96,-20.7,13.34,1.843
2026-10-05,NAVA,261,-10.3849,552.5,-1.47,-10.65,-1.9,1.3501
2026-10-05,IGIL,262,-10.6662,311.95,-4.66,-12.35,-1.73,1.7572
2026-10-05,COCHINSHIP,263,-10.7423,1287.0,-12.03,-14.56,-4.53,2.8969
2026-10-05,NESTLEIND,264,-10.833,1307.7,-8.23,-11.26,6.94,1.1587
2026-10-05,ZENTEC,265,-10.8369,1576.1,-13.83,-14.93,10.66,1.671
2026-10-05,ZYDUSWELL,266,-10.9352,493.25,-7.73,-15.36,-0.67,2.1735
2026-10-05,BERGEPAINT,267,-11.0468,452.4,-7.3,-13.31,5.25,1.3911
2026-10-05,OIL,268,-11.2068,444.0,-10.87,4.34,-7.86,1.2849
2026-10-05,TARIL,269,-11.2615,280.8,-7.02,-17.71,4.6,1.7878
2026-10-05,PATANJALI,270,-11.3461,355.15,2.94,-14.52,-24.13,3.1475
2026-10-05,ICICIBANK,271,-11.5079,1310.6,-8.12,-8.15,5.23,0.9601
2026-10-05,APOLLOTYRE,272,-11.5442,404.75,-6.77,-11.11,-1.96,1.7191
2026-10-05,SUNDARMFIN,273,-11.5467,4395.9,-3.54,-4.46,-5.94,1.2072
2026-10-05,TATASTEEL,274,-11.7201,178.0,-3.18,-6.74,-10.16,1.7137
2026-10-05,ULTRACEMCO,275,-11.7723,10710.0,-5.99,-8.16,-2.07,1.3775
2026-10-05,EMAMILTD,276,-11.9129,372.65,1.25,-10.58,-9.18,1.5536
2026-10-05,DALBHARAT,277,-11.9699,1682.1,-5.13,-5.11,-10.31,1.7168
2026-10-05,BALKRISIND,278,-11.9952,2083.5,-10.54,-5.75,-2.1,1.5335
2026-10-05,EICHERMOT,279,-12.1326,6920.0,-10.26,-7.38,4.76,1.0619
2026-10-05,HDFCBANK,280,-12.2027,721.2,2.91,-13.09,-6.58,1.3736
2026-10-05,SHRIRAMFIN,281,-12.2059,945.0,-9.74,-11.04,1.54,1.5765
2026-10-05,SWIGGY,282,-12.3462,238.0,-11.09,-4.18,-11.62,2.1782
2026-10-05,HINDCOPPER,283,-12.426,462.15,-11.29,-6.56,-8.38,2.1104
2026-10-05,UTIAMC,284,-12.4268,883.7,0.76,-10.87,-5.15,1.228
2026-10-05,PGEL,285,-12.4292,481.1,-15.0,-15.66,9.18,1.7279
2026-10-05,ASHOKLEY,286,-12.6593,150.48,-10.38,-9.41,-1.6,1.6898
2026-10-05,LTF,287,-12.7241,264.35,-15.49,-21.23,3.85,2.5836
2026-10-05,ANURAS,288,-12.8388,1163.7,-6.18,-8.31,-6.42,1.6289
2026-10-05,NEWGEN,289,-12.9035,456.35,-12.12,-4.94,1.99,1.1679
2026-10-05,BAJAJFINSV,290,-12.9994,1732.6,-12.93,-7.38,2.86,1.3428
2026-10-05,AAVAS,291,-13.0427,1190.9,-5.39,-21.34,5.88,1.5987
2026-10-05,JPPOWER,292,-13.1419,14.8,-9.59,-16.34,-2.63,2.1731
2026-10-05,ZFCVINDIA,293,-13.1599,2241.0,-12.88,-6.61,-1.49,1.5934
2026-10-05,AIAENG,294,-13.1741,3824.4,-9.87,-19.56,4.04,1.9277
2026-10-05,SBICARD,295,-13.421,563.2,-11.33,-6.68,-11.95,2.2321
2026-10-05,HDBFS,296,-13.5652,618.2,-8.44,-16.94,6.17,1.4161
2026-10-05,KFINTECH,297,-13.6604,832.0,-10.44,-5.68,-8.27,1.7858
2026-10-05,CEATLTD,298,-13.6851,3286.6,-1.83,-13.6,-3.14,1.3563
2026-10-05,CCL,299,-13.8717,1056.6,-2.72,-11.93,-7.81,1.6186
2026-10-05,CONCOR,300,-13.942,442.0,-13.33,-8.17,-2.56,1.7254
2026-10-05,NIVABUPA,301,-13.9699,72.98,-9.6,-14.8,-0.29,1.7673
2026-10-05,LT,302,-14.0692,3693.4,-7.22,-8.6,-0.8,1.182
2026-10-05,BHARTIHEXA,303,-14.1278,1379.2,-9.92,-5.98,-9.41,1.7916
2026-10-05,JSWENERGY,304,-14.1441,485.0,-10.15,-11.4,-0.57,1.5643
2026-10-05,TORNTPOWER,305,-14.1648,1242.9,-0.48,-8.43,-11.19,1.4189
2026-10-05,POLICYBZR,306,-14.2522,980.0,-47.08,-38.0,-32.86,8.2757
2026-10-05,BANKINDIA,307,-14.5614,129.48,-9.52,-7.38,-5.87,1.5635
2026-10-05,CENTRALBK,308,-14.6284,30.0,-1.22,-8.03,-11.3,1.4045
2026-10-05,ICICIPRULI,309,-14.7066,448.05,-10.3,-7.64,-13.28,2.1226
2026-10-05,AMBER,310,-14.7572,6500.0,-12.34,-14.64,1.03,1.758
2026-10-05,BBTC,311,-15.044,1334.2,-13.31,-14.29,-7.0,2.3003
2026-10-05,SUMICHEM,312,-15.1539,417.6,-17.33,-13.73,6.19,1.641
2026-10-05,CAMS,313,-15.1798,677.25,-8.71,-14.14,0.68,1.4607
2026-10-05,RAILTEL,314,-15.3356,257.2,-5.28,-16.91,-4.33,1.7299
2026-10-05,OLECTRA,315,-15.4819,1096.2,-11.52,-25.89,6.84,1.9748
2026-10-05,GODFRYPHLP,316,-15.7519,1849.7,-8.67,-13.69,-4.17,1.6844
2026-10-05,CREDITACC,317,-15.9338,1239.0,-11.71,-21.93,1.33,2.028
2026-10-05,SOBHA,318,-15.9342,1213.1,-1.38,-16.74,-1.27,1.217
2026-10-05,BHARTIARTL,319,-15.9599,1741.1,-6.53,-9.59,-4.87,1.3154
2026-10-05,VTL,320,-16.1047,529.25,-9.91,-20.03,-3.27,2.0623
2026-10-05,TTML,321,-16.4741,34.82,-8.37,-17.59,-8.32,2.0805
2026-10-05,MMTC,322,-16.555,56.29,-9.36,-15.05,-0.86,1.5262
2026-10-05,TRAVELFOOD,323,-16.6418,1208.1,-5.14,-9.14,-5.63,1.1961
2026-10-05,BEL,324,-16.6855,383.1,-5.58,-9.98,-10.45,1.5586
2026-10-05,INFY,325,-16.7923,1035.0,-9.21,-0.69,-22.73,1.943
2026-10-05,INOXWIND,326,-16.847,68.75,-2.61,-20.93,-15.15,2.2967
2026-10-05,SWANCORP,327,-16.9327,272.8,-4.41,-18.23,-12.98,2.1038
2026-10-05,GODIGIT,328,-17.0832,256.3,-0.81,-17.88,-21.05,2.3266
2026-10-05,SBFC,329,-17.2925,84.19,-15.16,-8.97,-0.25,1.4098
2026-10-05,TATAPOWER,330,-17.2943,350.15,-3.8,-7.26,-9.69,1.1997
2026-10-05,JWL,331,-17.3575,223.93,-6.45,-13.26,-15.93,2.0529
2026-10-05,HDFCAMC,332,-17.3718,2308.1,-8.62,-16.78,-1.58,1.5528
2026-10-05,COROMANDEL,333,-17.6176,1763.6,-7.89,-14.2,-12.3,1.9515
2026-10-05,AADHARHFC,334,-17.6512,448.4,-5.68,-19.42,-1.73,1.5203
2026-10-05,FORCEMOT,335,-17.8982,16800.0,-4.55,-10.38,-15.66,1.7091
2026-10-05,PREMIERENE,336,-17.9272,878.05,-12.2,-14.16,-6.92,1.856
2026-10-05,AWL,337,-17.9813,175.43,-8.27,-8.04,-2.03,1.02
2026-10-05,MAPMYINDIA,338,-18.5566,845.75,-13.93,-10.7,-3.85,1.5346
2026-10-05,GICRE,339,-18.6214,323.9,-8.88,-10.07,-15.2,1.8334
2026-10-05,COLPAL,340,-18.7982,1735.0,-6.8,-16.57,-6.24,1.5748
2026-10-05,TENNIND,341,-18.896,495.4,-4.69,-16.51,-9.36,1.6173
2026-10-05,BANKBARODA,342,-19.0761,230.82,-4.3,-7.65,-10.57,1.1809
2026-10-05,FACT,343,-19.0895,734.95,-8.62,-16.3,-7.06,1.6751
2026-10-05,SBIN,344,-19.173,954.1,-6.54,-8.06,-7.4,1.1477
2026-10-05,ASTRAL,345,-19.2371,1344.0,-9.62,-3.24,-12.98,1.3431
2026-10-05,NCC,346,-19.2395,130.06,-8.75,-13.54,-7.29,1.5369
2026-10-05,NATIONALUM,347,-19.2528,334.9,-9.49,-4.6,-18.66,1.7011
2026-10-05,ZENSARTECH,348,-19.329,434.35,-5.69,-9.12,-20.72,1.8385
2026-10-05,CANBK,349,-19.3409,118.36,-6.29,-6.41,-8.61,1.1014
2026-10-05,INDIANB,350,-19.4182,793.15,-9.75,0.79,-12.38,1.0987
2026-10-05,GODREJPROP,351,-19.4934,1595.8,-19.02,-22.02,-0.57,2.1349
2026-10-05,JAINREC,352,-20.0835,282.5,0.12,-19.74,-36.26,2.7824
2026-10-05,NHPC,353,-20.2551,71.75,-5.16,-10.14,-5.18,1.0111
2026-10-05,DMART,354,-20.5479,3813.0,-0.01,-6.19,-14.62,1.0135
2026-10-05,DOMS,355,-20.7257,2097.5,-5.9,-9.22,-10.99,1.2596
2026-10-05,ARE&M,356,-20.7274,747.4,-14.22,-12.22,3.27,1.1174
2026-10-05,NLCINDIA,357,-20.7482,253.2,-8.09,-17.78,-6.72,1.571
2026-10-05,TCS,358,-20.8479,2075.0,-11.63,0.85,-18.3,1.395
2026-10-05,RVNL,359,-20.8523,197.0,-4.37,-15.75,-24.6,2.1446
2026-10-05,UBL,360,-20.951,1188.8,-7.31,-13.18,-18.97,1.8834
2026-10-05,POWERGRID,361,-20.9974,254.55,-4.59,-10.81,-13.83,1.3921
2026-10-05,VOLTAS,362,-21.0777,1053.2,-8.58,-18.01,-13.69,1.9109
2026-10-05,BIKAJI,363,-21.3411,504.05,-14.6,-23.06,-20.75,2.7368
2026-10-05,ATUL,364,-21.3907,5861.0,-9.63,-9.27,-5.64,1.1474
2026-10-05,VMM,365,-21.5902,99.5,-8.35,-16.44,-11.57,1.6841
2026-10-05,PIIND,366,-21.7005,2236.0,-6.56,-16.46,-20.85,2.0215
2026-10-05,GILLETTE,367,-21.8154,6899.0,-6.08,-11.24,-8.09,1.1651
2026-10-05,THERMAX,368,-22.0075,3360.6,-10.44,-29.05,4.57,1.5869
2026-10-05,SHREECEM,369,-22.0551,21900.0,-7.52,-17.76,-6.21,1.4277
2026-10-05,HAVELLS,370,-22.1346,1040.0,-12.82,-11.98,-15.73,1.831
2026-10-05,IRCTC,371,-22.2136,454.1,-3.91,-10.78,-12.03,1.203
2026-10-05,ABREL,372,-22.5351,1100.5,-17.32,-22.36,-6.99,2.0713
2026-10-05,UPL,373,-22.6209,516.8,-10.66,-15.09,-14.94,1.7986
2026-10-05,M&M,374,-22.6354,2860.0,-10.34,-10.66,-4.88,1.1433
2026-10-05,ESCORTS,375,-22.8352,2667.3,-11.66,-10.57,-8.33,1.3386
2026-10-05,NMDC,376,-23.1509,74.64,-12.96,-12.26,-8.69,1.4644
2026-10-05,FIRSTCRY,377,-23.1754,174.75,2.3,-19.19,-28.1,1.9413
2026-10-05,AFCONS,378,-23.2553,242.39,-14.98,-22.85,-16.11,2.3199
2026-10-05,DABUR,379,-23.2672,374.25,-1.25,-16.79,-9.66,1.1904
2026-10-05,INTELLECT,380,-23.5081,610.95,-10.06,-20.59,-8.45,1.6631
2026-10-05,LINDEINDIA,381,-23.5694,6247.5,-1.65,-13.15,-11.96,1.1354
2026-10-05,MRF,382,-23.7913,123715.0,-6.19,-8.79,-2.72,0.7441
2026-10-05,ZEEL,383,-23.8014,71.92,-20.59,-29.39,-2.24,2.194
2026-10-05,UCOBANK,384,-24.1784,22.93,-5.99,-13.7,-5.75,1.0522
2026-10-05,HUDCO,385,-24.1814,161.54,-9.43,-24.72,-6.18,1.6677
2026-10-05,NBCC,386,-24.3521,77.4,-8.94,-22.27,-8.03,1.6113
2026-10-05,JBMA,387,-24.4777,544.65,-12.37,-21.34,-2.8,1.4916
2026-10-05,JKTYRE,388,-24.5267,340.35,-8.05,-16.88,-13.43,1.5639
2026-10-05,IRB,389,-24.6736,17.0,-11.37,-17.83,-17.27,1.8836
2026-10-05,IOB,390,-24.7613,30.38,-7.04,-11.17,-7.77,1.0492
2026-10-05,BLUEDART,391,-24.8602,4496.8,-11.91,-7.32,-8.22,1.1041
2026-10-05,CHOLAHLDNG,392,-24.8809,1369.6,-8.02,-18.71,-1.93,1.1521
2026-10-05,ITC,393,-24.8946,255.9,-3.91,-11.22,-14.26,1.1804
2026-10-05,TMPV,394,-25.0637,279.4,-10.66,-19.49,-9.49,1.5819
2026-10-05,DELHIVERY,395,-25.5206,400.0,-12.05,-23.03,-9.5,1.7467
2026-10-05,TRENT,396,-26.0092,2580.0,-9.55,-22.84,1.23,1.198
2026-10-05,RECLTD,397,-26.0515,287.75,-9.07,-21.11,-12.63,1.6433
2026-10-05,BDL,398,-26.5475,1087.9,-13.22,-22.82,-11.98,1.8089
2026-10-05,JIOFIN,399,-26.6062,212.5,-10.3,-11.46,-9.7,1.1824
2026-10-05,TATACONSUM,400,-26.6479,957.0,-5.43,-14.39,-9.89,1.1151
2026-10-05,ITI,401,-26.7204,241.54,-9.77,-18.7,-5.96,1.2885
2026-10-05,RAMCOCEM,402,-27.0024,830.85,-5.08,-12.32,-11.33,1.0639
2026-10-05,MUTHOOTFIN,403,-27.5517,2697.1,-8.19,-14.04,-16.79,1.4163
2026-10-05,IRFC,404,-27.7416,77.06,-6.57,-14.61,-17.08,1.3789
2026-10-05,GMDCLTD,405,-27.9476,487.65,-12.55,-18.46,-17.78,1.7458
2026-10-05,INDIAMART,406,-28.283,1620.3,-6.92,-14.24,-21.1,1.494
2026-10-05,GALLANTT,407,-28.588,530.15,-4.55,-20.7,-17.44,1.4933
2026-10-05,MAZDOCK,408,-28.6066,2064.0,-16.06,-19.81,-11.34,1.6506
2026-10-05,AMBUJACEM,409,-28.7148,362.25,-10.04,-17.93,-13.84,1.4563
2026-10-05,IEX,410,-28.7336,105.98,-10.84,-14.32,-16.53,1.4508
2026-10-05,RELIANCE,411,-28.8472,1167.7,-11.07,-11.62,-10.49,1.1506
2026-10-05,SAMMAANCAP,412,-29.09,132.48,-13.02,-25.0,-8.75,1.6077
2026-10-05,MSUMI,413,-29.1255,33.53,-8.39,-18.3,-9.4,1.2391
2026-10-05,GRSE,414,-29.2904,2111.1,-15.39,-23.67,-8.42,1.6211
2026-10-05,CIEINDIA,415,-29.491,376.35,-2.25,-19.81,-19.52,1.4101
2026-10-05,WAAREEENER,416,-29.8903,2340.0,-9.34,-18.64,-24.12,1.7431
2026-10-05,GPIL,417,-30.2476,215.67,-9.91,-16.11,-24.29,1.6633
2026-10-05,ABFRL,418,-30.8702,44.53,-11.77,-28.67,-22.77,2.0477
2026-10-05,ONGC,419,-31.6376,222.37,-6.37,-8.83,-22.42,1.1892
2026-10-05,INDIACEM,420,-32.1712,295.15,-17.62,-22.57,-18.95,1.8385
2026-10-05,GRAVITA,421,-32.1759,1412.6,-19.24,-20.25,1.3,1.187
2026-10-05,BSOFT,422,-32.2509,269.75,-8.37,-3.92,-26.66,1.2077
2026-10-05,MARUTI,423,-32.3856,11386.0,-11.39,-21.24,-11.03,1.348
2026-10-05,CHAMBLFERT,424,-32.3902,399.3,-2.95,-16.12,-11.04,0.9297
2026-10-05,KEC,425,-32.4478,372.35,-8.69,-26.33,-29.92,2.0012
2026-10-05,ACC,426,-32.6368,1182.8,-6.62,-15.34,-11.73,1.0322
2026-10-05,NTPC,427,-33.1066,315.1,-4.52,-11.55,-14.57,0.9254
2026-10-05,WIPRO,428,-33.3278,159.35,-10.02,-8.59,-22.16,1.2232
2026-10-05,HINDUNILVR,429,-33.4032,1836.0,-7.04,-16.62,-13.01,1.0978
2026-10-05,JSWCEMENT,430,-33.5026,111.6,-9.71,-18.22,-7.11,1.0459
2026-10-05,BLS,431,-34.1066,216.51,-7.95,-13.4,-19.69,1.2034
2026-10-05,KPITTECH,432,-34.2725,492.0,-16.33,-11.83,-30.49,1.7112
2026-10-05,EIDPARRY,433,-34.828,674.55,-15.75,-12.07,-17.23,1.2936
2026-10-05,SUZLON,434,-34.9663,38.91,-14.41,-29.85,-6.35,1.4476
2026-10-05,SJVN,435,-35.7238,57.91,-9.4,-19.29,-14.25,1.2019
2026-10-05,CROMPTON,436,-36.3699,202.7,-10.99,-25.56,-13.58,1.3783
2026-10-05,CESC,437,-36.3979,131.62,-10.12,-22.22,-14.16,1.2775
2026-10-05,TIINDIA,438,-36.4565,2340.0,-13.97,-22.15,-9.59,1.2539
2026-10-05,BATAINDIA,439,-36.5252,613.0,-8.57,-11.04,-8.44,0.768
2026-10-05,TRIDENT,440,-36.996,22.16,-7.9,-15.58,-7.94,0.8491
2026-10-05,DCMSHRIRAM,441,-37.734,906.85,-11.79,-10.88,-21.3,1.1652
2026-10-05,BRITANNIA,442,-39.471,4778.0,-7.3,-12.4,-13.79,0.8483
2026-10-05,TATAELXSI,443,-40.2414,3092.8,-14.3,-15.46,-29.03,1.461
2026-10-05,PFC,444,-41.3676,318.0,-8.23,-24.48,-21.94,1.3211
2026-10-05,LATENTVIEW,445,-43.5292,234.48,-13.48,-17.99,-19.99,1.1819
2026-10-05,VEDL,446,-45.6193,252.05,-6.89,-10.62,-64.66,1.8013
2026-10-05,CANFINHOME,447,-45.8501,711.0,-10.6,-22.62,-13.06,1.0094
2026-10-05,GODREJCP,448,-46.696,840.0,-7.18,-23.68,-18.38,1.0545
2026-10-05,RPOWER,449,-47.7547,19.41,-11.97,-23.1,-17.05,1.0915
2026-10-05,ABLBL,450,-49.8658,74.44,-10.07,-22.93,-24.01,1.1434
2026-10-05,BAYERCROP,451,-53.2012,3554.2,-10.69,-14.83,-23.59,0.923
2026-10-06,REDINGTON,1,70.226,412.75,11.16,53.67,89.16,2.1928
2026-10-06,HFCL,2,68.6574,250.27,8.14,16.55,214.37,3.4818
2026-10-06,WELSPUNLIV,3,65.8886,230.27,10.44,41.33,89.02,2.1368
2026-10-06,WELCORP,4,52.4315,2497.5,-3.59,63.32,162.99,4.2478
2026-10-06,RRKABEL,5,44.6462,2518.2,-4.27,9.72,90.51,2.1494
2026-10-06,CPPLUS,6,44.4689,3989.5,7.69,12.23,109.55,2.9117
2026-10-06,AEGISLOG,7,42.3308,1359.5,7.03,9.16,124.49,3.3234
2026-10-06,FINCABLES,8,42.2947,1458.8,22.46,34.2,79.99,3.2311
2026-10-06,ACE,9,41.5687,1212.3,11.13,20.46,45.19,1.8469
2026-10-06,SONACOMS,10,39.3696,797.0,1.01,20.38,52.38,1.8739
2026-10-06,APARINDS,11,39.1532,18102.0,3.91,34.66,68.12,2.725
2026-10-06,SYRMA,12,38.8718,1717.9,19.8,23.49,112.49,4.0076
2026-10-06,CEMPRO,13,36.1533,1178.9,-4.6,-22.51,109.71,2.2846
2026-10-06,LGEINDIA,14,36.0184,1770.9,7.94,14.6,23.82,1.287
2026-10-06,SAREGAMA,15,34.9082,494.75,3.66,1.37,59.03,1.8351
2026-10-06,PAYTM,16,34.7227,1684.0,1.48,37.65,53.38,2.664
2026-10-06,BHEL,17,34.634,429.0,-0.49,13.55,54.76,1.9584
2026-10-06,INDGN,18,34.5763,593.5,-1.11,20.11,27.73,1.3514
2026-10-06,ACMESOLAR,19,33.2468,427.65,2.31,17.08,56.59,2.2854
2026-10-06,CYIENT,20,32.7041,1104.6,-1.57,26.97,32.71,1.7769
2026-10-06,ENGINERSIN,21,31.7988,307.85,10.16,30.95,47.59,2.7894
2026-10-06,COFORGE,22,31.6468,1852.0,-6.12,28.09,46.41,2.1607
2026-10-06,RKFORGE,23,31.6068,695.45,-4.22,21.06,37.26,1.7119
2026-10-06,ETERNAL,24,30.9516,320.8,-0.6,11.89,34.85,1.4908
2026-10-06,TBOTEK,25,30.4344,1657.0,-4.42,10.11,42.53,1.584
2026-10-06,ATHERENERG,26,30.4278,1409.9,-10.99,17.49,71.89,2.5762
2026-10-06,BALRAMCHIN,27,30.3128,671.5,-2.77,19.73,40.57,1.898
2026-10-06,RADICO,28,30.2837,4289.1,-4.56,5.19,57.86,1.9312
2026-10-06,KALYANKJIL,29,30.0523,556.85,-7.01,48.83,24.83,2.2178
2026-10-06,FLUOROCHEM,30,29.8964,4429.8,-2.73,15.08,33.85,1.5452
2026-10-06,GESHIP,31,29.1258,1559.3,13.84,13.4,12.08,1.35
2026-10-06,AEGISVOPAK,32,28.7192,297.55,4.59,7.57,58.85,2.4723
2026-10-06,HSCL,33,28.4965,659.85,-1.67,2.96,41.96,1.5181
2026-10-06,CRAFTSMAN,34,28.4197,10266.0,-6.66,12.85,51.38,2.0257
2026-10-06,ABDL,35,26.6198,679.45,12.42,-3.31,58.94,2.5562
2026-10-06,JYOTICNC,36,25.551,1029.6,2.56,36.62,27.43,2.6066
2026-10-06,JSWINFRA,37,25.3429,359.4,7.93,14.37,40.01,2.4584
2026-10-06,ANANDRATHI,38,24.7148,2117.5,-3.68,1.05,28.62,1.0518
2026-10-06,ECLERX,39,24.4015,1884.3,-1.12,27.55,25.96,2.1471
2026-10-06,CARBORUNIV,40,24.1192,1239.7,15.7,8.32,44.83,2.8545
2026-10-06,RBLBANK,41,23.9423,416.55,0.53,15.77,31.11,1.9805
2026-10-06,MOTHERSON,42,23.7982,156.5,-2.61,11.27,33.88,1.7871
2026-10-06,MOTILALOFS,43,23.5204,1011.1,-2.5,11.16,32.84,1.7644
2026-10-06,CARTRADE,44,23.2754,2935.4,-2.16,5.75,61.62,2.8016
2026-10-06,PTCIL,45,23.1043,22025.0,-3.04,23.55,37.43,2.5079
2026-10-06,NAVINFLUOR,46,23.0585,8136.5,-4.75,5.27,39.77,1.7471
2026-10-06,TEGA,47,22.7696,2093.4,35.96,25.73,22.06,3.6784
2026-10-06,NYKAA,48,22.001,339.55,2.12,6.79,33.19,1.9139
2026-10-06,THELEELA,49,21.4735,568.95,-1.11,19.6,36.8,2.5748
2026-10-06,DEVYANI,50,21.4106,127.07,-7.97,11.34,27.81,1.4564
2026-10-06,KOTAKBANK,51,21.2027,418.35,-1.22,9.72,15.26,1.1208
2026-10-06,BOSCHLTD,52,20.9587,44960.0,-4.34,7.21,34.43,1.7798
2026-10-06,SHYAMMETL,53,20.6324,1020.2,-4.23,9.89,22.81,1.38
2026-10-06,SAPPHIRE,54,20.5581,209.82,-8.06,13.72,32.34,1.8485
2026-10-06,CASTROLIND,55,20.0912,199.51,4.86,8.84,11.2,1.2389
2026-10-06,CGCL,56,19.9118,249.23,-2.87,2.83,46.59,2.3374
2026-10-06,MEESHO,57,19.6301,226.5,8.37,19.5,36.88,3.2988
2026-10-06,GRAPHITE,58,19.4513,816.4,11.29,40.92,27.89,4.1178
2026-10-06,LODHA,59,19.4297,1105.6,-8.5,0.89,54.06,2.3904
2026-10-06,IIFL,60,18.9778,583.8,-7.81,10.62,36.27,2.0596
2026-10-06,PARADEEP,61,18.8631,151.22,-3.18,5.81,30.77,1.7707
2026-10-06,CHENNPETRO,62,18.5542,1401.0,-3.53,26.23,42.47,3.5126
2026-10-06,BELRISE,63,18.5107,237.5,1.36,6.84,24.93,1.79
2026-10-06,ASAHIINDIA,64,18.4731,944.25,-0.71,8.28,17.24,1.3427
2026-10-06,NETWEB,65,18.3005,4765.1,-8.24,14.23,42.66,2.6587
2026-10-06,MCX,66,18.1471,3181.7,-2.86,16.04,19.73,1.813
2026-10-06,AIIL,67,17.9354,551.6,6.1,10.08,28.2,2.4744
2026-10-06,PVRINOX,68,17.3523,1231.4,0.34,26.14,30.73,3.2968
2026-10-06,NUVAMA,69,16.9606,1701.4,-7.58,-8.99,44.64,1.655
2026-10-06,TVSMOTOR,70,16.2386,4031.0,-2.47,10.75,8.15,1.0121
2026-10-06,KIRLOSENG,71,16.1574,2242.7,3.79,-1.01,60.39,3.9092
2026-10-06,KAJARIACER,72,15.5212,1225.1,-0.32,1.9,23.82,1.6362
2026-10-06,SUNTV,73,14.4541,599.9,30.24,16.94,1.69,3.381
2026-10-06,IDFCFIRSTB,74,14.4081,82.22,-5.18,5.65,25.95,1.8341
2026-10-06,BEML,75,13.8984,1962.3,-3.45,5.77,29.12,2.2627
2026-10-06,KARURVYSYA,76,13.8207,324.7,-6.92,10.2,16.95,1.4631
2026-10-06,EXIDEIND,77,13.6626,405.25,-4.5,-3.82,30.2,1.6014
2026-10-06,PNBHOUSING,78,13.5951,1105.8,-5.16,3.13,28.14,1.9207
2026-10-06,JINDALSAW,79,13.4455,270.3,-12.57,4.06,41.59,2.4608
2026-10-06,URBANCO,80,13.0089,156.34,-9.02,16.83,27.98,2.7511
2026-10-06,ADANIENT,81,12.9656,2864.0,-2.52,-6.0,40.36,2.4554
2026-10-06,MINDACORP,82,12.9441,667.35,-5.72,-4.26,31.06,1.6282
2026-10-06,PCBL,83,12.8709,320.35,1.06,7.86,18.17,2.1047
2026-10-06,INDHOTEL,84,12.7649,718.0,-1.33,-2.73,19.59,1.2162
2026-10-06,DLF,85,12.2495,673.0,-1.31,6.15,19.55,1.9915
2026-10-06,ANANTRAJ,86,12.1007,577.85,-1.87,4.89,25.77,2.3795
2026-10-06,GABRIEL,87,12.1005,1315.0,-5.05,3.13,47.84,3.7954
2026-10-06,CRISIL,88,11.9733,4428.6,-8.3,10.24,16.28,1.5216
2026-10-06,OFSS,89,11.7958,10470.0,-13.17,-4.84,45.06,2.2939
2026-10-06,KPIL,90,11.6166,1356.4,-3.84,-1.74,24.17,1.6005
2026-10-06,ENRIN,91,11.5023,3316.4,6.44,-1.26,19.83,2.1741
2026-10-06,ADANIPORTS,92,11.4687,1774.0,3.91,-0.99,22.56,2.222
2026-10-06,SOLARINDS,93,11.2394,19400.0,-5.83,4.64,44.71,3.873
2026-10-06,APLAPOLLO,94,11.2065,2115.7,-4.27,17.25,11.91,2.2206
2026-10-06,PHOENIXLTD,95,11.1548,1930.0,0.52,-8.35,24.14,1.4619
2026-10-06,LLOYDSME,96,11.0576,1776.8,-2.0,1.22,23.23,2.0302
2026-10-06,HONASA,97,10.9172,427.9,-9.63,-7.33,40.39,2.1458
2026-10-06,PETRONET,98,10.8593,285.5,-1.28,3.63,11.93,1.3146
2026-10-06,HAL,99,10.5391,4680.0,-3.62,7.22,16.05,1.864
2026-10-06,SCI,100,10.2315,290.6,-1.61,4.68,21.66,2.4171
2026-10-06,USHAMART,101,10.1515,510.5,-0.71,4.26,18.23,2.1449
2026-10-06,IKS,102,9.8672,1776.4,1.85,-5.36,25.83,2.2613
2026-10-06,POWERINDIA,103,9.622,31290.0,-2.83,-3.31,25.01,1.9619
2026-10-06,CGPOWER,104,9.5536,882.3,-0.98,-2.84,22.44,1.9492
2026-10-06,CUB,105,9.477,227.65,-3.54,3.44,20.23,2.1233
2026-10-06,FEDERALBNK,106,9.354,327.35,-4.56,0.24,15.55,1.2007
2026-10-06,FIVESTAR,107,9.141,519.1,-0.76,-3.51,27.48,2.5393
2026-10-06,PERSISTENT,108,9.1014,5530.0,-2.0,15.95,1.08,1.6502
2026-10-06,ACUTAAS,109,8.6229,3122.2,-1.46,-9.62,34.46,2.7108
2026-10-06,SIEMENS,110,8.5545,3701.1,-6.94,7.4,14.85,1.7902
2026-10-06,SCHNEIDER,111,8.4187,1268.1,2.9,-15.27,31.16,2.2324
2026-10-06,ELGIEQUIP,112,8.1062,591.2,-7.93,2.72,18.33,1.6193
2026-10-06,SPLPETRO,113,7.8864,798.35,3.54,10.12,7.92,2.7363
2026-10-06,IDBI,114,7.8412,86.31,-4.77,7.18,19.71,2.8209
2026-10-06,ENDURANCE,115,7.0474,2601.4,-5.61,-1.76,17.31,1.4101
2026-10-06,PNB,116,6.7625,112.35,-3.97,11.29,2.52,1.4546
2026-10-06,TECHM,117,6.6893,1535.9,-3.82,7.5,5.08,1.3095
2026-10-06,TATATECH,118,6.599,697.55,-12.81,-0.78,24.81,1.7012
2026-10-06,HBLENGINE,119,6.5648,763.6,9.75,0.87,5.68,2.4827
2026-10-06,IDEA,120,6.5573,12.74,-15.18,-8.54,39.69,2.4355
2026-10-06,GAIL,121,6.3789,167.5,-3.4,-1.03,10.04,0.8791
2026-10-06,PWL,122,6.1671,131.1,3.7,-10.6,29.43,3.6541
2026-10-06,DATAPATTNS,123,6.1232,4251.3,-5.88,-7.89,32.48,3.0555
2026-10-06,BAJAJHLDNG,124,6.0087,10666.0,-3.91,-1.41,15.47,1.6886
2026-10-06,CLEAN,125,5.9419,803.05,-6.96,1.31,15.97,1.736
2026-10-06,NAUKRI,126,5.7471,1201.7,-9.65,3.64,16.36,1.803
2026-10-06,KPRMILL,127,5.7392,1071.0,-7.55,-9.58,27.38,1.7849
2026-10-06,RHIM,128,5.6722,384.85,3.87,0.05,4.48,1.4817
2026-10-06,EMMVEE,129,5.3534,296.25,-8.9,-10.0,31.84,2.4169
2026-10-06,DIXON,130,5.1812,12700.0,-12.95,-4.54,25.54,1.5524
2026-10-06,TATACOMM,131,5.1524,1683.0,-1.58,-11.05,20.35,1.4996
2026-10-06,MRPL,132,5.0211,172.43,-1.37,16.55,-2.16,2.593
2026-10-06,WHIRLPOOL,133,4.8223,871.75,6.84,11.73,5.81,5.0558
2026-10-06,HYUNDAI,134,4.7101,2000.0,-9.3,4.34,13.1,1.7284
2026-10-06,MAHABANK,135,4.6541,80.9,-5.88,0.37,15.52,2.1527
2026-10-06,TITAGARH,136,4.0762,809.65,-7.13,-0.91,14.26,1.5261
2026-10-06,NUVOCO,137,3.8594,322.1,-1.84,1.27,10.25,2.5085
2026-10-06,VBL,138,3.7417,439.6,7.85,-7.36,3.95,1.1853
2026-10-06,ADANIGREEN,139,3.5912,1284.0,-1.33,-14.66,22.92,1.9304
2026-10-06,PINELABS,140,3.5893,167.16,0.47,17.66,-1.74,4.5679
2026-10-06,CHALET,141,3.3081,830.25,-7.54,0.41,12.37,1.5829
2026-10-06,GVT&D,142,3.2605,4253.2,0.31,-6.62,15.79,2.9094
2026-10-06,SAIL,143,3.2495,176.95,-10.09,9.21,8.33,2.2939
2026-10-06,HEROMOTOCO,144,3.0226,5168.0,-2.49,4.52,2.32,1.4385
2026-10-06,ADANIPOWER,145,3.0155,201.0,-2.99,-7.15,16.64,2.1534
2026-10-06,JSL,146,2.5843,732.7,-0.3,4.34,1.69,2.2172
2026-10-06,DEEPAKFERT,147,2.3049,1300.9,-8.17,-18.96,32.1,2.1578
2026-10-06,PIRAMALFIN,148,2.1751,2023.3,-7.46,-6.88,18.91,2.1022
2026-10-06,ABCAPITAL,149,1.9759,377.4,-6.79,-2.16,12.81,1.9494
2026-10-06,HONAUT,150,1.9584,33470.0,-5.93,-15.3,24.49,1.6672
2026-10-06,STARHEALTH,151,1.8123,535.25,-3.97,-8.38,15.22,1.5863
2026-10-06,ADANIENSOL,152,1.6891,1353.4,-3.99,-18.25,25.46,1.9092
2026-10-06,INDIGO,153,1.5781,4935.0,-0.84,-3.69,6.92,1.5145
2026-10-06,AARTIIND,154,1.4912,465.1,-7.94,-4.79,15.57,1.9042
2026-10-06,J&KBANK,155,1.4881,139.98,-3.09,-14.5,19.79,1.4827
2026-10-06,BRIGADE,156,1.4749,569.55,-11.01,5.99,9.82,3.257
2026-10-06,MANAPPURAM,157,1.3701,310.7,-8.54,-6.57,18.16,2.2275
2026-10-06,AUBANK,158,1.2641,1029.2,-3.36,-0.92,6.87,2.0479
2026-10-06,FSL,159,0.8812,250.4,-7.4,0.43,10.11,3.576
2026-10-06,NAM-INDIA,160,0.8693,1046.0,-10.71,-13.37,25.87,2.0534
2026-10-06,ABB,161,0.1615,6900.0,-7.35,-2.45,10.07,1.6591
2026-10-06,ELECON,162,-0.0362,440.0,5.62,-17.15,11.41,3.3675
2026-10-06,MGL,163,-0.1316,1045.4,-1.86,-7.15,8.83,1.3304
2026-10-06,ICICIAMC,164,-0.1542,3084.4,3.74,-6.4,2.46,1.2905
2026-10-06,PAGEIND,165,-0.1604,37465.0,3.21,-9.54,6.06,1.6849
2026-10-06,JUBLFOOD,166,-0.2105,443.4,-8.86,1.18,7.32,1.7207
2026-10-06,HINDZINC,167,-0.251,560.95,-6.66,5.78,0.44,1.7751
2026-10-06,OBEROIRLTY,168,-0.3629,1754.6,-5.97,-10.18,15.44,1.9434
2026-10-06,LTFOODS,169,-0.4678,399.15,-9.79,5.29,3.76,1.5851
2026-10-06,UNOMINDA,170,-1.4434,1111.0,-10.11,-2.37,8.77,2.5727
2026-10-06,CHOICEIN,171,-1.6697,719.4,-5.76,-9.37,12.26,1.7244
2026-10-06,TATAINVEST,172,-1.754,615.05,-2.08,-7.41,3.65,3.3272
2026-10-06,SCHAEFFLER,173,-1.9694,3885.6,-2.05,-6.06,4.83,1.6669
2026-10-06,ABSLAMC,174,-2.0701,1028.55,-3.18,-8.53,6.28,2.6217
2026-10-06,SUPREMEIND,175,-2.1259,3398.9,-2.19,6.9,-9.89,2.4342
2026-10-06,PIDILITIND,176,-2.1812,1487.7,-8.7,-5.27,10.41,1.6301
2026-10-06,JSWSTEEL,177,-2.3402,1235.3,-6.77,1.3,2.12,1.4349
2026-10-06,YESBANK,178,-2.3809,21.06,-6.4,-10.08,11.25,2.1945
2026-10-06,TMCV,179,-2.5273,426.8,-6.85,2.41,0.28,1.6458
2026-10-06,BAJFINANCE,180,-2.6131,970.0,-8.53,-4.0,7.39,1.9679
2026-10-06,POONAWALLA,181,-2.691,433.4,-5.71,-9.02,7.08,2.8424
2026-10-06,M&MFIN,182,-2.8238,326.2,-12.7,-1.64,10.17,1.4792
2026-10-06,SAGILITY,183,-2.8575,42.57,-9.08,5.42,-0.35,1.4015
2026-10-06,BAJAJ-AUTO,184,-3.2801,10045.0,-17.19,0.08,11.0,1.8607
2026-10-06,KFINTECH,185,-3.4248,867.5,-6.61,2.31,-2.77,2.0668
2026-10-06,CANHLIFE,186,-3.4845,143.85,-5.86,1.63,-0.81,1.4479
2026-10-06,TATACHEM,187,-3.4896,617.4,-1.23,-13.09,-4.95,5.5229
2026-10-06,GROWW,188,-3.5473,187.05,-3.58,-2.5,0.21,1.6549
2026-10-06,GRASIM,189,-3.727,2962.0,-10.1,-7.81,13.01,1.3161
2026-10-06,OLAELEC,190,-3.7364,36.68,-3.98,-10.51,0.99,3.6138
2026-10-06,COALINDIA,191,-3.8042,425.1,2.35,-0.92,-6.39,1.3037
2026-10-06,360ONE,192,-3.8905,1050.0,-7.65,-3.82,5.2,1.612
2026-10-06,ATGL,193,-3.9035,583.05,-5.19,-19.5,12.22,3.1924
2026-10-06,BAJAJHFL,194,-3.9937,82.91,0.16,-7.98,2.97,1.2156
2026-10-06,SARDAEN,195,-4.0041,501.0,-1.1,1.18,-7.49,1.8486
2026-10-06,BANDHANBNK,196,-4.0674,168.27,2.01,-14.17,1.4,2.6426
2026-10-06,EIHOTEL,197,-4.0981,298.3,2.19,-7.27,-3.15,2.0084
2026-10-06,KEI,198,-4.1989,4638.2,-4.37,-7.8,5.01,1.704
2026-10-06,ITCHOTELS,199,-4.231,158.96,-1.41,-10.51,5.01,1.6319
2026-10-06,TITAN,200,-4.3157,4580.0,-8.76,-0.14,3.16,1.3316
2026-10-06,BLUESTARCO,201,-4.5126,1510.0,1.75,-4.11,-8.79,2.4724
2026-10-06,JINDALSTEL,202,-4.6054,1097.3,-5.81,7.42,-8.53,1.5023
2026-10-06,TECHNOE,203,-4.6494,998.6,2.95,-6.96,-4.5,1.8304
2026-10-06,NTPCGREEN,204,-4.6983,90.09,0.82,-2.82,-6.3,1.7669
2026-10-06,TRITURBINE,205,-4.7095,530.0,-6.23,-18.39,16.01,1.8266
2026-10-06,BHARATFORG,206,-4.7655,1875.0,-7.72,-12.33,12.19,1.6492
2026-10-06,KAYNES,207,-4.7719,3394.8,-5.65,5.73,-11.86,2.4668
2026-10-06,GODREJIND,208,-4.7841,1019.6,-10.47,-15.67,19.78,1.3286
2026-10-06,JUBLINGREA,209,-4.8782,638.0,-6.67,-7.62,5.27,1.8481
2026-10-06,HEXT,210,-4.8839,495.15,-6.33,-5.19,4.15,1.5076
2026-10-06,UNITDSPR,211,-5.0417,1335.1,-9.15,-6.46,7.83,1.5414
2026-10-06,PRESTIGE,212,-5.0905,1445.0,-8.95,-11.64,9.52,2.1737
2026-10-06,LTTS,213,-5.207,3219.5,-7.84,2.5,-3.41,1.681
2026-10-06,AFFLE,214,-5.2256,1443.8,-10.68,-0.95,3.42,1.5717
2026-10-06,HDFCLIFE,215,-5.358,534.2,0.23,-5.32,-8.17,2.4744
2026-10-06,SIGNATURE,216,-5.4474,737.45,-5.11,-2.67,-1.61,1.7235
2026-10-06,SBILIFE,217,-5.5447,1721.6,0.1,-3.7,-6.51,1.8224
2026-10-06,RITES,218,-5.5476,205.74,-4.66,-7.79,0.14,2.2198
2026-10-06,JSWDULUX,219,-5.5798,3020.6,-4.51,-5.62,1.36,1.5734
2026-10-06,ICICIBANK,220,-5.6763,1332.0,-6.41,-3.52,3.96,1.052
2026-10-06,NIACL,221,-5.6993,158.36,-31.12,-11.76,21.87,3.6867
2026-10-06,SONATSOFTW,222,-5.9163,254.0,-10.96,-7.48,3.92,2.4551
2026-10-06,BPCL,223,-5.9926,296.95,-5.94,-2.17,-0.13,1.3764
2026-10-06,UNIONBANK,224,-6.0777,167.97,-10.28,8.8,-9.05,1.7341
2026-10-06,MARICO,225,-6.2047,781.35,-5.79,-6.77,3.73,1.4229
2026-10-06,HOMEFIRST,226,-6.4648,1096.2,-9.41,-8.63,3.28,2.2845
2026-10-06,TIMKEN,227,-6.7075,3098.8,-1.14,-7.41,-5.48,2.0904
2026-10-06,JKCEMENT,228,-6.7463,4952.0,-0.55,-9.48,-5.97,2.372
2026-10-06,LICHSGFIN,229,-6.7469,509.0,-5.96,-7.26,-0.75,2.0705
2026-10-06,LEMONTREE,230,-7.1711,107.86,2.77,-7.76,-4.93,1.3821
2026-10-06,TARIL,231,-7.3928,285.45,-5.15,-11.43,2.99,1.8381
2026-10-06,DEEPAKNTR,232,-7.4196,1497.0,-12.58,-4.73,5.22,1.6288
2026-10-06,GMRAIRPORT,233,-7.4668,93.16,-0.88,-17.88,2.45,2.185
2026-10-06,3MINDIA,234,-7.7191,30795.0,-7.56,-12.6,3.56,2.1506
2026-10-06,SHRIRAMFIN,235,-7.7502,971.4,-6.69,-4.24,-2.5,1.7321
2026-10-06,HINDCOPPER,236,-8.0371,478.65,-8.24,-1.77,-8.36,2.2851
2026-10-06,JMFINANCIL,237,-8.0456,123.1,-6.78,-1.47,-5.54,1.7149
2026-10-06,POLYCAB,238,-8.2378,8080.0,-2.65,-12.5,6.22,1.084
2026-10-06,MPHASIS,239,-8.2908,2250.2,-9.27,-2.47,-3.35,1.8192
2026-10-06,ITC,240,-8.4114,268.9,1.82,-4.19,-11.25,1.6196
2026-10-06,INDUSTOWER,241,-8.4239,380.2,0.9,-2.15,-13.29,1.7251
2026-10-06,MFSL,242,-8.4893,1392.0,-7.51,-12.0,-6.65,3.0815
2026-10-06,ICICIGI,243,-9.0286,1563.0,1.69,-12.46,-9.48,2.2418
2026-10-06,INDUSINDBK,244,-9.2267,886.6,-12.09,-10.86,8.85,1.5287
2026-10-06,SRF,245,-9.379,2486.2,-4.32,-12.17,3.76,1.3566
2026-10-06,LTM,246,-9.3998,4007.0,-12.66,7.5,-9.8,1.5924
2026-10-06,ESCORTS,247,-9.5053,2820.9,-4.98,-3.39,-9.79,1.9109
2026-10-06,BHARTIARTL,248,-9.5485,1779.9,-3.27,-5.73,-4.28,1.39
2026-10-06,AWL,249,-9.5758,176.15,-5.95,-2.92,-0.54,0.9816
2026-10-06,CDSL,250,-9.6079,1250.0,-10.37,-4.68,-2.29,1.8048
2026-10-06,BANKINDIA,251,-9.7305,133.5,-7.93,-1.2,-7.48,1.7068
2026-10-06,IRCON,252,-9.8889,110.25,-6.77,-17.88,-12.31,3.7376
2026-10-06,CHOLAFIN,253,-9.8919,1580.0,-13.47,-14.62,11.66,1.6604
2026-10-06,NSLNISP,254,-9.9808,40.5,-11.99,-4.93,-0.76,1.7718
2026-10-06,ZENSARTECH,255,-10.1361,451.5,-2.18,0.09,-18.52,2.0329
2026-10-06,PATANJALI,256,-10.1423,355.7,3.85,-13.1,-22.62,3.1418
2026-10-06,ANGELONE,257,-10.1575,285.2,-4.87,-13.89,1.21,1.728
2026-10-06,LT,258,-10.2226,3750.0,-5.4,-3.65,-3.75,1.2525
2026-10-06,IFCI,259,-10.2337,64.28,-36.59,-13.02,14.72,3.4091
2026-10-06,UTIAMC,260,-10.2943,890.3,1.11,-8.36,-5.47,1.2356
2026-10-06,HINDALCO,261,-10.3627,938.4,-7.18,-3.42,-4.79,1.4858
2026-10-06,JSWENERGY,262,-10.3799,491.8,-8.9,-8.41,0.54,1.6154
2026-10-06,NAVA,263,-10.3849,552.5,-1.47,-10.65,-1.9,1.3501
2026-10-06,BSE,264,-10.6198,3179.6,-6.75,-14.96,-2.39,2.2696
2026-10-06,IGIL,265,-10.6662,311.95,-4.66,-12.35,-1.73,1.7572
2026-10-06,NESTLEIND,266,-10.833,1307.7,-8.23,-11.26,6.94,1.1587
2026-10-06,ZENTEC,267,-10.8369,1576.1,-13.83,-14.93,10.66,1.671
2026-10-06,ZYDUSWELL,268,-10.9352,493.25,-7.73,-15.36,-0.67,2.1735
2026-10-06,BERGEPAINT,269,-11.0468,452.4,-7.3,-13.31,5.25,1.3911
2026-10-06,OIL,270,-11.2068,444.0,-10.87,4.34,-7.86,1.2849
2026-10-06,ASIANPAINT,271,-11.4579,2366.0,-6.38,-11.25,4.25,1.1681
2026-10-06,HCLTECH,272,-11.487,1201.9,-7.07,4.91,-17.95,1.751
2026-10-06,CUMMINSIND,273,-11.5004,4832.3,-4.03,-12.12,-1.53,1.5367
2026-10-06,COCHINSHIP,274,-11.5434,1283.8,-14.36,-8.57,-9.84,2.8388
2026-10-06,CCL,275,-11.6767,1051.9,-4.91,-10.95,-2.23,1.5489
2026-10-06,ULTRACEMCO,276,-11.7723,10710.0,-5.99,-8.16,-2.07,1.3775
2026-10-06,EMAMILTD,277,-11.9129,372.65,1.25,-10.58,-9.18,1.5536
2026-10-06,DALBHARAT,278,-11.9699,1682.1,-5.13,-5.11,-10.31,1.7168
2026-10-06,BALKRISIND,279,-11.9952,2083.5,-10.54,-5.75,-2.1,1.5335
2026-10-06,AXISBANK,280,-12.0783,1222.2,-3.99,-6.67,-7.3,1.487
2026-10-06,EICHERMOT,281,-12.1326,6920.0,-10.26,-7.38,4.76,1.0619
2026-10-06,NEWGEN,282,-12.3084,458.75,-12.59,-1.48,0.34,1.1154
2026-10-06,BAJAJFINSV,283,-12.6841,1751.4,-11.1,-5.58,-0.92,1.3874
2026-10-06,IOC,284,-12.8091,130.5,-5.16,-5.18,-7.88,1.4228
2026-10-06,ANURAS,285,-13.0088,1164.4,-6.0,-7.57,-7.65,1.6304
2026-10-06,AAVAS,286,-13.0427,1190.9,-5.39,-21.34,5.88,1.5987
2026-10-06,ASHOKLEY,287,-13.0703,152.6,-9.7,-2.32,-10.44,1.7182
2026-10-06,LICI,288,-13.0806,388.7,-6.42,-9.16,-2.02,1.345
2026-10-06,AIAENG,289,-13.1741,3824.4,-9.87,-19.56,4.04,1.9277
2026-10-06,COLPAL,290,-13.2565,1775.0,-2.96,-12.13,-6.91,1.6598
2026-10-06,MAPMYINDIA,291,-13.2946,873.4,-10.16,-6.23,-6.78,1.7434
2026-10-06,HDBFS,292,-13.5652,618.2,-8.44,-16.94,6.17,1.4161
2026-10-06,CEATLTD,293,-13.6851,3286.6,-1.83,-13.6,-3.14,1.3563
2026-10-06,IREDA,294,-13.7829,109.0,-4.08,-10.04,-11.48,1.8575
2026-10-06,LTF,295,-13.799,263.75,-16.0,-16.08,-3.1,2.5497
2026-10-06,CENTRALBK,296,-13.8165,30.31,-2.48,-3.01,-13.45,1.3705
2026-10-06,HINDPETRO,297,-13.9098,342.35,-3.97,-11.5,-4.37,1.4266
2026-10-06,CONCOR,298,-13.942,442.0,-13.33,-8.17,-2.56,1.7254
2026-10-06,APOLLOTYRE,299,-13.95,401.6,-6.51,-8.63,-8.8,1.7162
2026-10-06,NIVABUPA,300,-13.9699,72.98,-9.6,-14.8,-0.29,1.7673
2026-10-06,BHARTIHEXA,301,-14.1278,1379.2,-9.92,-5.98,-9.41,1.7916
2026-10-06,POLICYBZR,302,-14.3866,976.2,-46.83,-37.52,-34.63,8.2703
2026-10-06,INDIANB,303,-14.3926,810.0,-7.92,4.87,-14.0,1.1849
2026-10-06,JPPOWER,304,-14.6143,14.91,-8.47,-11.78,-11.3,2.1588
2026-10-06,ICICIPRULI,305,-14.7066,448.05,-10.3,-7.64,-13.28,2.1226
2026-10-06,PGEL,306,-14.7079,487.7,-13.27,-13.33,1.65,1.6963
2026-10-06,HDFCAMC,307,-14.7498,2346.0,-4.57,-11.78,-6.72,1.5638
2026-10-06,AMBER,308,-14.7572,6500.0,-12.34,-14.64,1.03,1.758
2026-10-06,BEL,309,-14.935,384.85,-5.06,-5.58,-12.48,1.5483
2026-10-06,BBTC,310,-15.044,1334.2,-13.31,-14.29,-7.0,2.3003
2026-10-06,TATASTEEL,311,-15.0726,178.14,-5.64,-5.35,-13.19,1.6038
2026-10-06,CAMS,312,-15.1798,677.25,-8.71,-14.14,0.68,1.4607
2026-10-06,TATACAP,313,-15.1978,317.6,-15.32,-8.27,-2.62,1.7248
2026-10-06,GODFRYPHLP,314,-15.7519,1849.7,-8.67,-13.69,-4.17,1.6844
2026-10-06,CREDITACC,315,-15.9338,1239.0,-11.71,-21.93,1.33,2.028
2026-10-06,SOBHA,316,-15.9342,1213.1,-1.38,-16.74,-1.27,1.217
2026-10-06,TCS,317,-15.9852,2114.4,-8.23,2.77,-18.33,1.4886
2026-10-06,VTL,318,-16.1047,529.25,-9.91,-20.03,-3.27,2.0623
2026-10-06,SBICARD,319,-16.4101,566.0,-14.01,-3.26,-15.38,1.9904
2026-10-06,SUMICHEM,320,-16.5488,414.7,-15.95,-11.22,-0.11,1.6483
2026-10-06,TRAVELFOOD,321,-16.6418,1208.1,-5.14,-9.14,-5.63,1.1961
2026-10-06,SWIGGY,322,-16.662,238.8,-13.51,-8.65,-12.17,2.0605
2026-10-06,SWANCORP,323,-16.9327,272.8,-4.41,-18.23,-12.98,2.1038
2026-10-06,SBIN,324,-16.9354,958.0,-5.72,-5.79,-7.97,1.1502
2026-10-06,TEJASNET,325,-16.9586,463.2,-24.58,-13.49,5.45,1.923
2026-10-06,PREMIERENE,326,-17.0177,891.95,-10.98,-14.56,-6.74,1.897
2026-10-06,APTUS,327,-17.0232,223.65,-13.6,-19.52,2.67,1.7886
2026-10-06,GODIGIT,328,-17.0832,256.3,-0.81,-17.88,-21.05,2.3266
2026-10-06,NATIONALUM,329,-17.0881,340.0,-9.12,-2.79,-17.55,1.7233
2026-10-06,SBFC,330,-17.2925,84.19,-15.16,-8.97,-0.25,1.4098
2026-10-06,BANKBARODA,331,-17.425,232.8,-2.59,-3.18,-15.11,1.1987
2026-10-06,JWL,332,-17.4466,223.44,-8.14,-10.23,-16.91,2.0221
2026-10-06,ZFCVINDIA,333,-17.4967,2201.3,-13.74,-6.08,-7.3,1.5497
2026-10-06,COROMANDEL,334,-17.6176,1763.6,-7.89,-14.2,-12.3,1.9515
2026-10-06,AADHARHFC,335,-17.6512,448.4,-5.68,-19.42,-1.73,1.5203
2026-10-06,TATAPOWER,336,-17.7049,351.5,-4.48,-5.54,-10.95,1.1841
2026-10-06,NLCINDIA,337,-17.7099,252.45,-7.54,-14.21,-6.08,1.5716
2026-10-06,HDFCBANK,338,-17.722,704.8,-1.03,-13.02,-11.65,1.4497
2026-10-06,POWERGRID,339,-17.8976,257.0,-3.38,-8.12,-13.79,1.4129
2026-10-06,FORCEMOT,340,-17.8982,16800.0,-4.55,-10.38,-15.66,1.7091
2026-10-06,TRENT,341,-18.5421,2580.0,-9.57,-11.76,0.5,1.1235
2026-10-06,TTML,342,-18.6312,34.33,-9.04,-14.88,-15.05,2.091
2026-10-06,RAILTEL,343,-18.7326,252.3,-6.92,-15.52,-10.66,1.7669
2026-10-06,TMPV,344,-18.8659,288.65,-7.34,-13.07,-13.38,1.791
2026-10-06,FACT,345,-19.0895,734.95,-8.62,-16.3,-7.06,1.6751
2026-10-06,ASTRAL,346,-19.2371,1344.0,-9.62,-3.24,-12.98,1.3431
2026-10-06,INFY,347,-19.2628,1020.5,-9.69,-4.56,-23.36,1.9528
2026-10-06,GODREJPROP,348,-19.4934,1595.8,-19.02,-22.02,-0.57,2.1349
2026-10-06,CANBK,349,-19.7366,118.5,-5.58,-2.19,-14.07,1.1065
2026-10-06,OLECTRA,350,-20.0787,1078.4,-12.25,-22.68,-4.68,1.9727
2026-10-06,JAINREC,351,-20.0835,282.5,0.12,-19.74,-36.26,2.7824
2026-10-06,TENNIND,352,-20.5475,487.0,-5.9,-15.4,-12.4,1.6403
2026-10-06,DOMS,353,-20.7257,2097.5,-5.9,-9.22,-10.99,1.2596
2026-10-06,VMM,354,-20.8836,98.25,-7.43,-15.24,-12.33,1.676
2026-10-06,UBL,355,-20.951,1188.8,-7.31,-13.18,-18.97,1.8834
2026-10-06,VOLTAS,356,-21.0777,1053.2,-8.58,-18.01,-13.69,1.9109
2026-10-06,DMART,357,-21.108,3567.0,-5.38,-11.68,-19.22,1.7188
2026-10-06,DABUR,358,-21.1142,378.65,-0.59,-13.26,-11.82,1.2159
2026-10-06,MMTC,359,-21.1159,56.33,-12.23,-11.19,-4.14,1.3052
2026-10-06,NHPC,360,-21.2991,72.0,-5.57,-8.64,-6.63,0.9785
2026-10-06,BIKAJI,361,-21.3411,504.05,-14.6,-23.06,-20.75,2.7368
2026-10-06,RECLTD,362,-21.5413,295.65,-7.23,-15.23,-14.75,1.7273
2026-10-06,GICRE,363,-21.5487,319.1,-10.98,-10.4,-17.98,1.8266
2026-10-06,PIIND,364,-21.7005,2236.0,-6.56,-16.46,-20.85,2.0215
2026-10-06,ATUL,365,-21.7406,5856.0,-8.3,-7.14,-9.3,1.1381
2026-10-06,GILLETTE,366,-21.8154,6899.0,-6.08,-11.24,-8.09,1.1651
2026-10-06,SHREECEM,367,-22.0551,21900.0,-7.52,-17.76,-6.21,1.4277
2026-10-06,ABREL,368,-22.5351,1100.5,-17.32,-22.36,-6.99,2.0713
2026-10-06,RVNL,369,-22.9779,196.95,-7.31,-12.36,-27.81,2.0666
2026-10-06,ARE&M,370,-23.0561,741.6,-14.19,-11.2,0.2,1.0924
2026-10-06,SUNDARMFIN,371,-23.0572,4268.4,-8.18,-8.28,-12.8,1.269
2026-10-06,FIRSTCRY,372,-23.1754,174.75,2.3,-19.19,-28.1,1.9413
2026-10-06,ZEEL,373,-23.3667,73.57,-19.69,-26.1,-7.11,2.2641
2026-10-06,HAVELLS,374,-23.39,1046.7,-9.3,-13.34,-16.73,1.6831
2026-10-06,LINDEINDIA,375,-23.5694,6247.5,-1.65,-13.15,-11.96,1.1354
2026-10-06,INOXWIND,376,-23.7166,67.8,-8.87,-18.04,-20.6,2.0031
2026-10-06,MRF,377,-23.7913,123715.0,-6.19,-8.79,-2.72,0.7441
2026-10-06,CROMPTON,378,-23.808,211.5,-8.99,-18.31,-11.1,1.6128
2026-10-06,RELIANCE,379,-24.1069,1186.4,-10.26,-7.01,-10.8,1.1643
2026-10-06,UCOBANK,380,-24.1784,22.93,-5.99,-13.7,-5.75,1.0522
2026-10-06,IRCTC,381,-24.2541,452.8,-4.88,-9.17,-14.82,1.1902
2026-10-06,IGL,382,-24.4673,142.1,-10.09,-5.34,-8.38,0.9731
2026-10-06,JBMA,383,-24.4777,544.65,-12.37,-21.34,-2.8,1.4916
2026-10-06,JKTYRE,384,-24.5267,340.35,-8.05,-16.88,-13.43,1.5639
2026-10-06,M&M,385,-24.7521,2857.6,-9.85,-7.89,-9.76,1.1115
2026-10-06,IOB,386,-24.7613,30.38,-7.04,-11.17,-7.77,1.0492
2026-10-06,BLUEDART,387,-24.8602,4496.8,-11.91,-7.32,-8.22,1.1041
2026-10-06,CHOLAHLDNG,388,-24.8809,1369.6,-8.02,-18.71,-1.93,1.1521
2026-10-06,AMBUJACEM,389,-25.63,366.5,-9.51,-12.97,-15.56,1.484
2026-10-06,HUDCO,390,-25.6794,162.09,-10.21,-20.48,-10.91,1.6198
2026-10-06,WIPRO,391,-26.2434,162.14,-8.08,-6.13,-20.08,1.3065
2026-10-06,NMDC,392,-26.3318,73.74,-12.94,-11.94,-12.67,1.4262
2026-10-06,INTELLECT,393,-26.3571,600.2,-12.59,-19.95,-10.64,1.6385
2026-10-06,TORNTPOWER,394,-26.4107,1234.2,-5.0,-11.91,-14.65,1.1945
2026-10-06,BDL,395,-26.5475,1087.9,-13.22,-22.82,-11.98,1.8089
2026-10-06,CIEINDIA,396,-26.6014,378.0,-1.91,-16.2,-19.42,1.4109
2026-10-06,UPL,397,-26.8804,502.5,-13.68,-13.62,-21.73,1.8239
2026-10-06,JIOFIN,398,-26.9026,212.0,-11.48,-7.82,-11.24,1.1353
2026-10-06,RAMCOCEM,399,-27.0024,830.85,-5.08,-12.32,-11.33,1.0639
2026-10-06,TATACONSUM,400,-27.2387,953.75,-5.57,-12.48,-11.53,1.0859
2026-10-06,AFCONS,401,-27.9782,241.5,-17.52,-19.89,-22.26,2.1326
2026-10-06,IRB,402,-28.0231,16.87,-14.15,-15.52,-19.24,1.7455
2026-10-06,MUTHOOTFIN,403,-28.156,2716.4,-6.77,-11.9,-21.83,1.4387
2026-10-06,MAZDOCK,404,-28.2277,2074.0,-16.2,-15.37,-14.84,1.6443
2026-10-06,INDIAMART,405,-28.283,1620.3,-6.92,-14.24,-21.1,1.494
2026-10-06,GALLANTT,406,-28.588,530.15,-4.55,-20.7,-17.44,1.4933
2026-10-06,ONGC,407,-28.7086,224.9,-4.16,-8.95,-22.07,1.2252
2026-10-06,DELHIVERY,408,-28.998,400.3,-12.58,-20.23,-14.8,1.6418
2026-10-06,NBCC,409,-29.0516,76.2,-12.01,-19.6,-13.24,1.5439
2026-10-06,GMDCLTD,410,-29.1312,487.35,-13.43,-16.49,-19.36,1.6915
2026-10-06,IEX,411,-29.157,104.3,-12.29,-10.71,-19.58,1.4602
2026-10-06,THERMAX,412,-29.2232,3228.2,-11.25,-29.86,-8.68,1.704
2026-10-06,GPIL,413,-31.1785,211.32,-12.2,-14.31,-25.89,1.6804
2026-10-06,CESC,414,-31.6871,133.73,-8.72,-18.35,-14.61,1.3152
2026-10-06,NCC,415,-31.7697,128.79,-13.97,-10.51,-12.95,1.178
2026-10-06,HINDUNILVR,416,-31.9133,1838.4,-6.84,-13.92,-13.82,1.0837
2026-10-06,IRFC,417,-32.0122,76.5,-8.27,-12.57,-22.33,1.3486
2026-10-06,INDIACEM,418,-32.1712,295.15,-17.62,-22.57,-18.95,1.8385
2026-10-06,BSOFT,419,-32.2509,269.75,-8.37,-3.92,-26.66,1.2077
2026-10-06,MARUTI,420,-32.3856,11386.0,-11.39,-21.24,-11.03,1.348
2026-10-06,CHAMBLFERT,421,-32.3902,399.3,-2.95,-16.12,-11.04,0.9297
2026-10-06,RPOWER,422,-32.6062,20.09,-9.01,-18.43,-18.4,1.406
2026-10-06,ACC,423,-32.6368,1182.8,-6.62,-15.34,-11.73,1.0322
2026-10-06,NTPC,424,-33.1066,315.1,-4.52,-11.55,-14.57,0.9254
2026-10-06,WAAREEENER,425,-33.4665,2346.5,-10.95,-16.89,-27.4,1.6506
2026-10-06,GRSE,426,-33.6097,2110.4,-16.69,-19.44,-16.37,1.5621
2026-10-06,KPITTECH,427,-33.9718,489.5,-14.94,-11.74,-31.64,1.7165
2026-10-06,BLS,428,-34.1066,216.51,-7.95,-13.4,-19.69,1.2034
2026-10-06,GRAVITA,429,-34.6701,1423.5,-14.33,-17.62,-5.6,1.0831
2026-10-06,KEC,430,-34.7233,370.55,-9.3,-23.9,-35.91,1.9905
2026-10-06,EIDPARRY,431,-34.828,674.55,-15.75,-12.07,-17.23,1.2936
2026-10-06,BRITANNIA,432,-34.8441,4770.0,-6.5,-10.26,-12.88,0.8506
2026-10-06,SAMMAANCAP,433,-35.2158,133.11,-15.96,-18.41,-13.31,1.3539
2026-10-06,MSUMI,434,-36.1851,32.89,-9.94,-19.29,-14.75,1.2153
2026-10-06,BATAINDIA,435,-36.5252,613.0,-8.57,-11.04,-8.44,0.768
2026-10-06,TRIDENT,436,-36.996,22.16,-7.9,-15.58,-7.94,0.8491
2026-10-06,DCMSHRIRAM,437,-37.734,906.85,-11.79,-10.88,-21.3,1.1652
2026-10-06,SUZLON,438,-38.1417,38.92,-14.18,-26.75,-12.01,1.3877
2026-10-06,TATAELXSI,439,-38.5072,3105.0,-12.73,-14.31,-30.26,1.488
2026-10-06,ITI,440,-38.5539,240.75,-11.65,-15.5,-19.05,1.1982
2026-10-06,JSWCEMENT,441,-38.8758,111.09,-10.46,-17.36,-11.91,1.0221
2026-10-06,TIINDIA,442,-40.4148,2320.0,-14.01,-19.98,-15.43,1.2229
2026-10-06,ABFRL,443,-40.4385,44.34,-16.29,-23.96,-24.11,1.5917
2026-10-06,VEDL,444,-42.8161,255.05,-6.27,-6.33,-65.39,1.8216
2026-10-06,LATENTVIEW,445,-45.0128,235.68,-11.81,-19.51,-20.95,1.1613
2026-10-06,SJVN,446,-45.5967,57.16,-12.37,-18.51,-19.13,1.0967
2026-10-06,CANFINHOME,447,-45.8501,711.0,-10.6,-22.62,-13.06,1.0094
2026-10-06,PFC,448,-47.1441,322.0,-9.45,-20.22,-24.78,1.1548
2026-10-06,BAYERCROP,449,-53.2012,3554.2,-10.69,-14.83,-23.59,0.923
2026-10-06,GODREJCP,450,-53.4718,837.0,-4.67,-22.15,-21.29,0.8997
2026-10-06,ABLBL,451,-83.8018,73.37,-14.76,-21.55,-26.35,0.7477
