date,symbol,rank,score,price,ret5,ret10,ret15,vol5
2026-08-19,ZFCVINDIA,1,47.2201,2623.7,0.54,7.19,14.12,0.4626
2026-08-19,MAZDOCK,2,45.3841,2587.0,1.29,8.29,12.68,0.4906
2026-08-19,SAPPHIRE,3,40.7315,231.99,-1.71,20.64,25.92,1.1013
2026-08-19,WELCORP,4,32.0469,1917.1,4.37,10.39,16.68,0.9809
2026-08-19,POLICYBZR,5,30.246,1747.0,0.81,9.39,10.34,0.6791
2026-08-19,MOTHERSON,6,29.8771,170.4,0.67,12.85,15.24,0.9628
2026-08-19,BEL,7,23.9049,412.0,1.52,5.24,5.91,0.5298
2026-08-19,HEROMOTOCO,8,23.7576,5745.0,-1.96,5.22,12.34,0.6566
2026-08-19,HAL,9,22.041,5099.0,3.87,10.01,10.85,1.1218
2026-08-19,ENRIN,10,21.9538,3605.7,1.08,10.74,10.45,1.0142
2026-08-19,FINCABLES,11,21.2623,1329.35,10.06,33.84,36.61,3.7864
2026-08-19,BOSCHLTD,12,20.5384,46970.0,7.96,13.73,13.87,1.7314
2026-08-19,JUBLFOOD,13,19.3368,511.5,3.33,8.83,19.66,1.6459
2026-08-19,ZENTEC,14,18.3148,1982.4,8.94,17.76,20.83,2.5952
2026-08-19,TEGA,15,17.3029,1733.9,5.27,9.75,15.52,1.7651
2026-08-19,POWERINDIA,16,16.9249,35275.0,0.79,10.22,13.32,1.4368
2026-08-19,RKFORGE,17,16.8622,754.35,0.4,9.53,19.61,1.7522
2026-08-19,BEML,18,16.8185,1965.5,3.32,16.26,11.73,1.8616
2026-08-19,BDL,19,16.4837,1393.0,6.53,10.12,9.6,1.5924
2026-08-19,SONACOMS,20,16.3927,824.0,3.0,4.7,15.57,1.4195
2026-08-19,GRAPHITE,21,16.2173,729.5,0.91,10.87,10.09,1.3489
2026-08-19,SYRMA,22,15.6126,1500.1,0.35,5.52,14.86,1.3283
2026-08-19,DEVYANI,23,14.6195,143.65,7.55,23.03,23.77,3.7181
2026-08-19,CGPOWER,24,14.3828,894.2,1.5,1.61,5.94,0.6286
2026-08-19,RADICO,25,14.271,4693.4,3.15,5.25,13.11,1.5075
2026-08-19,SBFC,26,14.1118,93.95,-0.05,2.03,3.95,0.42
2026-08-19,MCX,27,13.8295,3040.0,5.01,13.43,12.04,2.2038
2026-08-19,APLAPOLLO,28,13.6865,2081.3,3.03,7.2,12.51,1.6618
2026-08-19,BLS,29,13.6575,272.56,4.55,8.7,14.76,2.0505
2026-08-19,ANANDRATHI,30,13.5875,2176.0,2.09,5.7,6.04,1.0173
2026-08-19,KEI,31,13.5734,5790.0,2.57,5.27,19.55,2.0183
2026-08-19,NAUKRI,32,13.4092,1354.9,-0.37,7.53,9.61,1.2501
2026-08-19,NIACL,33,13.3194,183.64,2.27,4.66,10.91,1.34
2026-08-19,CLEAN,34,13.2021,840.0,4.54,9.93,15.34,2.2572
2026-08-19,KPRMILL,35,13.1461,1135.6,4.57,6.76,7.54,1.435
2026-08-19,TITAN,36,13.0859,5048.6,-1.55,2.3,4.1,0.371
2026-08-19,TMCV,37,12.7327,471.65,4.8,5.57,13.19,1.8503
2026-08-19,BATAINDIA,38,12.6942,753.1,7.61,6.14,8.37,1.742
2026-08-19,NAVINFLUOR,39,12.5504,8255.0,1.21,8.21,9.88,1.538
2026-08-19,ENGINERSIN,40,12.3436,244.78,0.74,8.84,9.97,1.5838
2026-08-19,URBANCO,41,12.2796,144.6,3.8,-1.09,10.87,1.1067
2026-08-19,PNBHOUSING,42,12.2235,1150.8,0.13,5.58,6.7,1.0154
2026-08-19,HEG,43,12.0969,739.25,8.99,8.88,13.55,2.5976
2026-08-19,JYOTICNC,44,11.9136,929.2,15.43,9.59,15.22,3.3775
2026-08-19,UNIONBANK,45,11.884,185.5,1.64,6.61,10.26,1.5577
2026-08-19,IFCI,46,11.8094,81.36,7.48,7.19,18.74,2.8291
2026-08-19,HSCL,47,11.7487,781.8,3.48,4.01,4.29,1.0027
2026-08-19,PAYTM,48,11.5112,1546.3,-2.97,10.45,18.23,2.2329
2026-08-19,LTFOODS,49,11.4002,426.3,1.67,2.13,15.17,1.6641
2026-08-19,NETWEB,50,10.9631,5354.5,10.18,12.44,21.81,4.0526
2026-08-19,IIFL,51,10.8131,630.05,0.66,1.97,9.92,1.1611
2026-08-19,GRAVITA,52,10.6793,1821.7,2.14,9.48,1.84,1.2608
2026-08-19,HFCL,53,10.6172,219.5,3.07,8.38,14.0,2.3973
2026-08-19,LT,54,10.586,4064.3,0.67,1.86,6.06,0.8115
2026-08-19,OIL,55,10.4099,480.5,2.16,6.78,8.07,1.6341
2026-08-19,AARTIIND,56,10.3316,530.1,4.91,10.04,11.19,2.5296
2026-08-19,RELIANCE,57,10.1655,1322.0,-0.14,2.41,4.28,0.6442
2026-08-19,ASAHIINDIA,58,10.1263,962.8,6.78,7.22,10.59,2.4282
2026-08-19,PVRINOX,59,10.0873,1192.0,4.2,4.43,6.13,1.4627
2026-08-19,ESCORTS,60,9.9352,3133.6,1.67,-0.06,6.08,0.7737
2026-08-19,WELSPUNLIV,61,9.8917,177.79,11.36,10.61,10.96,3.3289
2026-08-19,GRASIM,62,9.6411,3278.7,-1.31,4.48,5.21,0.8701
2026-08-19,ACE,63,9.6018,1184.8,10.39,7.85,9.95,2.9352
2026-08-19,TATATECH,64,9.5689,841.65,-4.27,10.19,17.99,2.4999
2026-08-19,INDGN,65,9.4213,567.7,0.02,2.52,11.64,1.505
2026-08-19,HINDCOPPER,66,9.3563,566.35,6.2,15.03,19.7,4.3741
2026-08-19,TBOTEK,67,9.2727,1700.0,6.12,5.2,11.9,2.5044
2026-08-19,CRAFTSMAN,68,9.1232,10480.0,1.92,1.37,12.36,1.7156
2026-08-19,SUPREMEIND,69,9.0192,3590.0,2.72,1.7,7.54,1.3262
2026-08-19,BRIGADE,70,9.0135,593.7,-2.3,1.72,9.25,0.9613
2026-08-19,KPIL,71,8.9463,1403.5,4.14,9.67,10.9,2.7631
2026-08-19,AFFLE,72,8.8955,1703.9,6.86,2.46,14.14,2.6375
2026-08-19,ATHERENERG,73,8.8857,1465.8,-3.91,1.06,21.95,2.1497
2026-08-19,DATAPATTNS,74,8.8526,4737.2,7.87,4.01,8.11,2.2581
2026-08-19,RBLBANK,75,8.8055,381.5,-2.43,0.41,5.14,0.3541
2026-08-19,IDEA,76,8.712,14.12,9.54,9.46,9.03,3.2179
2026-08-19,MOTILALOFS,77,8.566,938.0,5.63,8.94,9.56,2.8174
2026-08-19,APARINDS,78,8.3893,17214.0,2.78,11.54,27.7,5.0091
2026-08-19,POONAWALLA,79,8.0806,497.45,4.35,5.41,6.96,2.0695
2026-08-19,PETRONET,80,8.0428,286.25,3.34,0.44,3.04,0.8479
2026-08-19,ENDURANCE,81,7.6641,2978.2,0.31,6.84,8.98,2.1042
2026-08-19,HAVELLS,82,7.564,1299.7,1.99,0.36,5.92,1.0926
2026-08-19,MEESHO,83,7.4933,192.95,1.33,0.56,6.32,1.0959
2026-08-19,SIEMENS,84,7.4796,3957.0,-1.35,-1.09,7.5,0.6771
2026-08-19,RRKABEL,85,7.4787,2748.6,-0.3,4.43,8.84,1.735
2026-08-19,MFSL,86,7.2019,1571.7,3.78,1.89,4.01,1.3441
2026-08-19,ASHOKLEY,87,7.1987,176.35,0.87,2.48,11.97,2.128
2026-08-19,TVSMOTOR,88,7.0849,4356.8,-0.98,-0.07,9.1,1.1351
2026-08-19,CHENNPETRO,89,7.0726,1404.0,-1.55,5.91,18.93,3.2929
2026-08-19,CESC,90,6.969,167.98,4.33,1.95,2.5,1.2606
2026-08-19,GRSE,91,6.9519,2677.0,3.95,5.11,2.54,1.6676
2026-08-19,ABB,92,6.8092,7660.0,0.14,0.78,4.54,0.8006
2026-08-19,EICHERMOT,93,6.7925,8018.5,0.23,1.05,2.33,0.5318
2026-08-19,TATAPOWER,94,6.7301,381.0,0.26,0.26,2.6,0.4643
2026-08-19,KAJARIACER,95,6.7198,1251.6,5.65,3.04,2.59,1.6779
2026-08-19,ELGIEQUIP,96,6.7054,614.2,7.03,3.89,7.86,2.8008
2026-08-19,DLF,97,6.6087,665.75,2.41,3.47,0.41,0.9515
2026-08-19,MINDACORP,98,6.5741,745.25,3.3,3.19,9.02,2.3591
2026-08-19,COROMANDEL,99,6.5466,2097.9,-0.02,-0.82,4.7,0.5888
2026-08-19,JSWDULUX,100,6.4784,3110.4,-1.48,3.94,6.19,1.3346
2026-08-19,NAM-INDIA,101,6.4663,1202.7,2.44,3.24,4.23,1.5325
2026-08-19,COCHINSHIP,102,6.3432,1485.1,-0.73,3.85,7.41,1.6613
2026-08-19,THELEELA,103,6.2637,519.15,1.35,3.81,9.16,2.2851
2026-08-19,ANANTRAJ,104,6.1658,627.55,3.86,0.22,1.73,0.9416
2026-08-19,TIMKEN,105,6.121,3290.5,0.2,2.31,5.23,1.2655
2026-08-19,SHRIRAMFIN,106,6.037,1108.4,-1.9,1.94,6.48,1.0804
2026-08-19,UNOMINDA,107,6.0263,1269.9,-1.41,4.95,9.25,2.1229
2026-08-19,ZEEL,108,5.8649,105.32,15.03,5.8,-2.09,3.194
2026-08-19,PTCIL,109,5.6351,19791.0,4.68,9.35,10.73,4.3929
2026-08-19,INDIANB,110,5.6148,875.0,-0.07,3.55,4.88,1.4901
2026-08-19,FLUOROCHEM,111,5.5993,4674.8,5.86,1.34,4.17,2.0312
2026-08-19,JINDALSAW,112,5.5828,270.4,-3.1,4.28,7.79,1.6075
2026-08-19,HYUNDAI,113,5.578,2186.0,-0.64,-1.53,9.2,1.26
2026-08-19,DALBHARAT,114,5.5712,1837.1,0.08,0.55,1.43,0.3706
2026-08-19,CEATLTD,115,5.5002,3608.5,-4.88,1.86,7.09,0.7401
2026-08-19,BERGEPAINT,116,5.4172,549.35,1.34,4.33,9.0,2.7072
2026-08-19,BALKRISIND,117,5.4137,2407.2,-4.65,-3.41,18.86,1.9952
2026-08-19,SUMICHEM,118,5.2014,559.8,-0.26,8.52,3.89,2.3358
2026-08-19,HINDALCO,119,5.1766,1041.6,-0.71,2.12,11.23,2.4412
2026-08-19,HDBFS,120,5.1729,698.15,0.73,2.89,2.29,1.1425
2026-08-19,SOLARINDS,121,5.0754,20000.0,6.27,7.19,7.37,4.1025
2026-08-19,360ONE,122,5.0627,1173.0,-0.22,2.2,3.56,1.0927
2026-08-19,EXIDEIND,123,5.0568,465.25,-3.74,1.51,9.88,1.5118
2026-08-19,PIDILITIND,124,5.0403,1669.0,-0.95,1.61,3.58,0.8422
2026-08-19,PINELABS,125,4.9595,160.32,-4.33,6.04,4.83,1.3171
2026-08-19,MRPL,126,4.9383,177.44,-2.04,4.6,10.88,2.7205
2026-08-19,TRAVELFOOD,127,4.9323,1358.2,-2.77,1.01,6.41,0.9427
2026-08-19,BHEL,128,4.9106,425.0,5.46,3.17,4.74,2.7229
2026-08-19,JMFINANCIL,129,4.777,127.91,0.55,5.81,2.85,1.9284
2026-08-19,TIINDIA,130,4.6761,2959.0,6.44,7.82,4.73,4.0621
2026-08-19,LGEINDIA,131,4.6137,1667.6,7.05,6.23,9.22,4.8769
2026-08-19,BANKINDIA,132,4.3063,142.1,-0.56,1.18,4.24,1.1291
2026-08-19,CHOLAFIN,133,4.2068,1868.0,-2.42,-0.37,6.56,0.8945
2026-08-19,AEGISLOG,134,4.0386,1367.7,5.4,0.72,7.66,3.4128
2026-08-19,BAJAJHLDNG,135,4.0265,11379.0,-0.8,-1.9,5.26,0.637
2026-08-19,MGL,136,3.9503,1129.1,0.49,1.2,2.83,1.145
2026-08-19,LTF,137,3.9302,325.1,3.08,2.26,4.53,2.5123
2026-08-19,PNB,138,3.8824,116.5,2.17,2.2,4.34,2.244
2026-08-19,AFCONS,139,3.8807,280.25,6.3,-0.48,0.0,1.4989
2026-08-19,CANBK,140,3.8141,129.1,-0.92,0.86,3.91,1.0095
2026-08-19,ELECON,141,3.7963,438.25,0.11,2.32,3.43,1.5466
2026-08-19,ARE&M,142,3.7533,945.7,5.35,1.44,8.2,3.9933
2026-08-19,BAJAJ-AUTO,143,3.7107,11607.0,-0.94,0.06,2.05,0.3153
2026-08-19,MMTC,144,3.6677,63.54,-2.22,-0.17,4.87,0.6761
2026-08-19,BHARTIHEXA,145,3.6604,1641.0,8.89,-0.29,1.65,2.8014
2026-08-19,DEEPAKNTR,146,3.6455,1771.0,-0.77,3.1,7.25,2.6275
2026-08-19,REDINGTON,147,3.6347,332.8,-5.78,-4.33,19.65,2.6261
2026-08-19,PARADEEP,148,3.626,147.82,-2.62,1.99,6.18,1.5306
2026-08-19,AMBER,149,3.5579,7350.0,3.84,-0.61,1.96,1.4567
2026-08-19,AUBANK,150,3.54,1075.7,0.45,1.58,2.67,1.327
2026-08-19,BALRAMCHIN,151,3.4666,653.25,4.05,-0.83,7.93,3.2185
2026-08-19,SUNDARMFIN,152,3.3957,4619.6,3.87,-3.34,4.47,1.4715
2026-08-19,SBIN,153,3.3274,1053.0,-1.22,0.99,3.93,1.1109
2026-08-19,ASTRAL,154,3.297,1520.0,6.67,4.97,3.3,4.5342
2026-08-19,ACUTAAS,155,3.2405,3391.4,4.48,5.18,2.84,3.8585
2026-08-19,NATIONALUM,156,3.2361,388.0,0.0,2.92,15.98,5.8386
2026-08-19,COFORGE,157,3.1499,1773.0,-2.53,1.32,5.16,1.2545
2026-08-19,ETERNAL,158,3.0973,315.9,-0.66,1.12,2.45,0.9391
2026-08-19,IKS,159,3.0874,1830.2,5.87,-0.88,0.07,1.6368
2026-08-19,OBEROIRLTY,160,3.0597,1858.0,3.59,4.45,1.56,3.1378
2026-08-19,GPIL,161,2.9111,250.82,5.76,2.64,5.5,4.7752
2026-08-19,DIXON,162,2.8912,14150.0,0.91,1.16,1.78,1.3283
2026-08-19,VBL,163,2.8331,439.3,0.53,0.07,2.16,0.9733
2026-08-19,M&M,164,2.8087,3421.5,-1.12,-0.33,4.59,1.1194
2026-08-19,HONASA,165,2.7978,474.6,1.56,3.31,4.98,3.5197
2026-08-19,ABSLAMC,166,2.6998,1019.0,0.71,0.12,3.01,1.4231
2026-08-19,WAAREEENER,167,2.4697,2709.1,0.19,1.46,0.55,0.8917
2026-08-19,CHALET,168,2.3273,844.7,0.91,2.82,-0.21,1.5122
2026-08-19,KAYNES,169,2.3138,3644.1,-1.98,-5.96,12.9,2.1447
2026-08-19,MAHABANK,170,2.3024,80.49,1.95,2.64,0.36,2.1508
2026-08-19,APOLLOTYRE,171,2.2889,436.7,-2.07,0.02,3.99,0.8464
2026-08-19,PCBL,172,2.2469,326.55,1.37,1.24,2.56,2.2989
2026-08-19,SCI,173,2.2123,295.75,0.61,-1.71,6.04,2.2341
2026-08-19,IGIL,174,2.2095,349.7,0.72,-3.42,6.37,1.6602
2026-08-19,ICICIAMC,175,2.1763,3136.0,2.68,1.19,-0.25,1.6623
2026-08-19,CARBORUNIV,176,2.1413,1122.7,0.15,2.48,4.62,3.3889
2026-08-19,SARDAEN,177,1.8816,521.15,4.13,0.96,1.73,3.6205
2026-08-19,JINDALSTEL,178,1.8543,1101.5,0.59,-2.0,4.47,1.6496
2026-08-19,ACMESOLAR,179,1.7376,371.75,0.9,-2.59,4.57,1.6532
2026-08-19,AXISBANK,180,1.4496,1243.0,1.07,-1.49,1.59,0.8121
2026-08-19,ECLERX,181,1.4349,1848.9,4.85,-3.81,2.05,2.1566
2026-08-19,JSL,182,1.3462,732.4,1.01,-0.44,1.12,1.2504
2026-08-19,FORCEMOT,183,1.1944,18200.0,-0.71,-0.97,5.83,3.4783
2026-08-19,LICI,184,1.1468,410.0,0.99,4.78,-4.01,1.5253
2026-08-19,HOMEFIRST,185,1.0675,1179.9,-0.14,0.83,-0.22,0.4358
2026-08-19,OLAELEC,186,1.0141,38.61,-2.65,0.1,4.04,1.4774
2026-08-19,CANHLIFE,187,0.861,148.9,-0.33,-1.34,2.68,1.1801
2026-08-19,CUB,188,0.8044,215.2,-0.56,5.16,-2.82,2.1994
2026-08-19,CEMPRO,189,0.8006,1324.0,3.88,-0.44,-1.25,2.7312
2026-08-19,KFINTECH,190,0.7982,957.6,2.42,0.91,-1.66,2.0923
2026-08-19,CYIENT,191,0.7729,858.55,0.6,-1.04,2.45,2.604
2026-08-19,BRITANNIA,192,0.7472,5521.0,-1.82,-0.18,2.54,0.7114
2026-08-19,TENNIND,193,0.7079,548.45,-1.08,0.71,1.48,1.5611
2026-08-19,SONATSOFTW,194,0.6908,320.4,0.09,-7.36,9.22,2.8316
2026-08-19,BANKBARODA,195,0.5484,244.0,-0.89,-0.41,2.01,1.2856
2026-08-19,BSOFT,196,0.4798,310.8,-2.03,-3.33,5.91,1.1486
2026-08-19,CONCOR,197,0.4654,518.25,1.22,0.63,-0.79,2.2719
2026-08-19,BHARTIARTL,198,0.4628,1934.2,0.99,-1.82,1.7,1.8872
2026-08-19,GMDCLTD,199,0.4006,570.7,-5.36,2.64,3.05,0.8461
2026-08-19,GROWW,200,0.3929,193.81,0.16,1.3,-0.76,1.7652
2026-08-19,AWL,201,0.3063,190.04,-1.46,-0.29,2.08,1.0708
2026-08-19,KALYANKJIL,202,0.306,601.6,-0.1,1.72,-1.11,1.6845
2026-08-19,NTPCGREEN,203,0.2966,92.14,0.28,1.59,-1.65,0.729
2026-08-19,PIRAMALFIN,204,0.279,2066.1,-1.65,0.89,1.04,1.0332
2026-08-19,CHOLAHLDNG,205,0.2534,1576.4,-2.82,0.11,3.27,2.2332
2026-08-19,OFSS,206,0.1927,11623.0,-2.29,0.2,2.55,2.352
2026-08-19,SPLPETRO,207,0.1379,723.45,4.28,1.05,-4.92,3.0018
2026-08-19,HINDZINC,208,0.1031,558.0,-4.88,-0.87,5.9,1.4378
2026-08-19,LTM,209,0.0061,4562.2,-5.93,0.07,5.87,1.2004
2026-08-19,POLYCAB,210,-0.0339,9139.0,0.15,-0.4,0.19,1.7075
2026-08-19,SUZLON,211,-0.1592,47.78,0.59,-0.48,-0.5,2.4455
2026-08-19,TEJASNET,212,-0.1886,519.3,-2.68,-2.74,5.06,1.9409
2026-08-19,ITCHOTELS,213,-0.219,166.36,-1.49,0.69,0.56,1.0693
2026-08-19,CASTROLIND,214,-0.2209,187.55,-3.04,0.92,1.75,1.6631
2026-08-19,DCMSHRIRAM,215,-0.2617,1026.4,1.93,-0.03,-2.24,1.303
2026-08-19,PATANJALI,216,-0.2656,351.65,-0.38,-2.29,2.54,0.5194
2026-08-19,MRF,217,-0.2871,133015.0,-0.62,-0.53,0.75,1.4099
2026-08-19,KPITTECH,218,-0.3529,609.0,-3.01,-1.66,4.07,1.6951
2026-08-19,SAIL,219,-0.4236,170.2,-1.62,-1.93,2.62,2.1859
2026-08-19,RITES,220,-0.5678,218.49,-3.61,1.09,1.96,0.989
2026-08-19,JSWINFRA,221,-0.5787,328.65,-3.86,-0.18,3.28,1.3124
2026-08-19,TECHNOE,222,-0.593,1002.45,-5.25,1.73,1.06,4.1501
2026-08-19,BAJAJFINSV,223,-0.6114,2005.0,-0.81,-4.34,4.81,0.5541
2026-08-19,MPHASIS,224,-0.6269,2432.0,-3.87,2.18,0.77,1.4708
2026-08-19,LTTS,225,-0.7052,3528.5,-1.53,-1.02,0.87,2.3841
2026-08-19,GICRE,226,-0.7203,355.5,0.77,-0.71,-1.03,1.3563
2026-08-19,VTL,227,-0.7884,605.25,-0.5,2.87,-3.66,1.6361
2026-08-19,CDSL,228,-0.8256,1340.6,-0.48,0.04,-0.33,0.9265
2026-08-19,BAJFINANCE,229,-0.8417,1094.3,0.09,-4.76,4.38,0.3458
2026-08-19,ONGC,230,-0.8498,239.5,0.02,-1.03,0.25,0.9005
2026-08-19,UNITDSPR,231,-0.9863,1520.9,-1.8,-0.27,0.8,1.2794
2026-08-19,ADANIENT,232,-0.9922,3002.5,0.23,-1.56,0.01,1.3274
2026-08-19,NMDC,233,-0.9936,84.19,-1.47,-0.01,0.32,1.1721
2026-08-19,CRISIL,234,-1.0515,4488.3,-3.17,1.43,0.04,1.613
2026-08-19,ANURAS,235,-1.0757,1210.5,0.1,-0.32,-0.65,0.8091
2026-08-19,HDFCAMC,236,-1.0905,2525.0,0.4,-1.21,-0.24,0.9721
2026-08-19,ABREL,237,-1.1045,1402.1,0.64,-2.09,0.14,1.1954
2026-08-19,GALLANTT,238,-1.2082,582.95,-1.4,-7.11,6.52,1.644
2026-08-19,BELRISE,239,-1.2347,236.73,-6.79,-1.5,3.36,3.9914
2026-08-19,NAVA,240,-1.2415,558.9,-1.8,-2.24,1.2,2.2914
2026-08-19,EIDPARRY,241,-1.2423,780.6,-1.0,-2.8,1.63,1.7464
2026-08-19,STARHEALTH,242,-1.4031,584.25,1.62,-1.41,-1.32,0.7904
2026-08-19,ABDL,243,-1.4949,612.6,-1.16,-1.65,-1.24,2.7083
2026-08-19,CANFINHOME,244,-1.5524,814.35,-0.73,-0.32,0.19,0.5533
2026-08-19,INOXWIND,245,-1.6225,74.95,0.74,-5.38,-1.3,3.6627
2026-08-19,CENTRALBK,246,-1.6639,31.02,-0.55,-0.67,0.42,0.4788
2026-08-19,IDFCFIRSTB,247,-1.6957,84.76,0.58,-1.44,-1.15,1.1883
2026-08-19,SRF,248,-1.7151,2616.0,0.23,-1.1,-0.78,0.9586
2026-08-19,AIIL,249,-1.7445,551.5,-5.92,0.49,-0.04,3.132
2026-08-19,PERSISTENT,250,-1.7547,5442.5,-1.69,-1.03,0.26,1.4001
2026-08-19,PGEL,251,-1.7968,597.0,-3.08,-2.45,1.97,1.9827
2026-08-19,TATAELXSI,252,-1.8547,3662.0,-3.5,-2.01,2.24,1.7644
2026-08-19,M&MFIN,253,-1.9573,388.9,-5.68,-4.09,7.13,1.3458
2026-08-19,NCC,254,-1.9829,140.38,-3.03,-1.91,1.95,1.5064
2026-08-19,TARIL,255,-1.9968,296.3,-0.94,0.27,-2.05,1.3597
2026-08-19,NUVAMA,256,-2.1061,1731.2,5.84,-1.95,-9.67,2.7456
2026-08-19,TATACAP,257,-2.1584,359.25,-2.34,-1.51,2.48,0.6319
2026-08-19,GAIL,258,-2.1716,173.5,-1.05,-0.86,-0.94,1.3118
2026-08-19,OLECTRA,259,-2.2268,1324.1,-4.85,-1.76,0.87,2.5779
2026-08-19,THERMAX,260,-2.4286,4079.9,1.35,1.62,-7.62,1.9183
2026-08-19,ABCAPITAL,261,-2.5562,402.0,-1.26,-4.29,2.72,1.1068
2026-08-19,INDIGO,262,-2.644,5275.5,-1.09,-2.31,0.87,0.9543
2026-08-19,INDIAMART,263,-2.6536,1753.1,-1.75,-1.22,0.58,0.9013
2026-08-19,INDUSINDBK,264,-2.6779,1010.6,-1.63,-1.78,0.39,1.1247
2026-08-19,JSWSTEEL,265,-2.7061,1267.6,-1.23,-2.49,1.66,0.7625
2026-08-19,INDUSTOWER,266,-2.7495,372.4,0.83,-4.51,-2.41,2.2178
2026-08-19,BANDHANBNK,267,-2.7521,170.5,-2.01,-1.79,0.98,1.0225
2026-08-19,PWL,268,-2.7731,122.05,-2.76,-3.23,-1.73,2.7876
2026-08-19,CIEINDIA,269,-2.8025,411.3,0.44,-1.99,-0.51,0.7344
2026-08-19,TATASTEEL,270,-2.8326,185.5,-1.46,-2.85,1.57,0.9686
2026-08-19,SCHNEIDER,271,-2.8411,1274.4,-9.19,-4.46,-4.37,6.3429
2026-08-19,AAVAS,272,-2.9456,1389.8,-1.01,-3.42,-0.06,1.5236
2026-08-19,JUBLINGREA,273,-3.1324,732.8,-1.22,-3.25,-1.52,1.9132
2026-08-19,EMAMILTD,274,-3.1395,404.5,-1.22,-0.37,-2.32,1.245
2026-08-19,VEDL,275,-3.1548,264.0,-4.0,-1.86,1.79,1.2887
2026-08-19,MUTHOOTFIN,276,-3.2297,2894.1,-0.75,0.84,-3.99,1.2071
2026-08-19,EMMVEE,277,-3.2509,320.75,-0.94,0.38,-3.85,1.3591
2026-08-19,JWL,278,-3.2511,252.65,-1.85,-4.64,2.04,1.3682
2026-08-19,DMART,279,-3.2532,3995.0,-1.46,-0.5,-0.81,0.85
2026-08-19,ADANIPORTS,280,-3.2897,1691.0,0.59,-0.59,-4.48,1.3612
2026-08-19,HDFCLIFE,281,-3.402,538.25,0.42,0.43,-3.67,0.8289
2026-08-19,UTIAMC,282,-3.4143,894.6,-1.24,-1.59,-0.63,1.0131
2026-08-19,TITAGARH,283,-3.4517,820.95,-2.2,-4.44,0.59,1.7512
2026-08-19,USHAMART,284,-3.5393,498.05,-3.63,-1.19,-0.81,1.5893
2026-08-19,RAMCOCEM,285,-3.5827,922.6,-3.27,-2.4,0.31,1.4939
2026-08-19,TATACONSUM,286,-3.652,1061.6,-1.52,-2.78,-1.89,1.6976
2026-08-19,YESBANK,287,-3.6984,22.46,-1.27,-2.35,-1.53,1.3944
2026-08-19,HINDUNILVR,288,-3.7021,2035.0,-1.45,-2.93,0.61,1.0192
2026-08-19,CARTRADE,289,-3.7108,2796.9,1.26,-0.23,-6.1,1.3641
2026-08-19,PREMIERENE,290,-3.9255,1015.5,-2.74,-0.51,-2.35,1.4253
2026-08-19,SCHAEFFLER,291,-3.9591,4028.9,-0.84,-0.99,-3.74,1.4084
2026-08-19,ICICIPRULI,292,-4.0137,507.0,1.45,-2.94,-0.55,0.5075
2026-08-19,GABRIEL,293,-4.0347,1442.5,-1.86,-5.56,0.33,1.757
2026-08-19,NTPC,294,-4.0598,337.1,-0.4,-1.91,-1.93,1.0443
2026-08-19,SUNTV,295,-4.0702,482.8,-0.19,-3.89,-1.56,1.3851
2026-08-19,CCL,296,-4.0965,1132.1,0.76,0.9,-4.72,0.7481
2026-08-19,JIOFIN,297,-4.1232,245.8,-2.75,-7.25,3.68,1.5321
2026-08-19,LODHA,298,-4.1364,1211.1,-0.07,-1.52,-6.94,2.063
2026-08-19,LLOYDSME,299,-4.1415,1938.6,-2.4,-5.57,-2.05,2.4183
2026-08-19,RVNL,300,-4.2242,225.0,-2.17,-2.77,1.65,0.7779
2026-08-19,KARURVYSYA,301,-4.2318,334.0,0.85,-4.05,-1.66,1.1505
2026-08-19,GODREJPROP,302,-4.3441,1997.4,-1.99,-1.78,-6.52,2.367
2026-08-19,CGCL,303,-4.3466,225.54,-4.21,-1.37,-1.17,1.5553
2026-08-19,CUMMINSIND,304,-4.3831,5350.0,-0.53,-3.6,-1.93,1.3843
2026-08-19,KOTAKBANK,305,-4.5199,387.65,-1.34,-2.6,0.61,0.736
2026-08-19,ANGELONE,306,-4.5969,293.5,-0.44,-2.81,-3.52,1.4734
2026-08-19,GVT&D,307,-4.6301,4195.0,-5.09,-3.19,1.72,1.4164
2026-08-19,SAREGAMA,308,-4.7448,513.95,-2.86,-5.27,-1.96,2.1285
2026-08-19,SIGNATURE,309,-4.8028,800.95,-1.71,-2.13,0.08,0.7822
2026-08-19,MSUMI,310,-4.9214,40.32,-1.68,1.43,-2.89,0.6378
2026-08-19,VOLTAS,311,-5.0584,1252.9,-2.12,-5.63,-4.44,2.4099
2026-08-19,AIAENG,312,-5.0876,4447.6,-6.99,-3.88,-3.38,2.7986
2026-08-19,RHIM,313,-5.1388,380.0,-8.55,-6.94,-3.02,3.6043
2026-08-19,ATUL,314,-5.1469,6608.5,-3.53,-2.72,-0.62,1.3353
2026-08-19,FIVESTAR,315,-5.1817,535.35,-2.0,-1.73,-4.62,1.6103
2026-08-19,3MINDIA,316,-5.2081,34910.0,-2.76,-2.91,-0.81,1.243
2026-08-19,MARICO,317,-5.2684,852.05,-1.33,-3.28,-0.77,1.0203
2026-08-19,PHOENIXLTD,318,-5.2851,1929.8,-0.27,-1.29,-5.24,1.287
2026-08-19,CPPLUS,319,-5.4829,3342.0,-12.18,-4.49,-2.6,3.5149
2026-08-19,NEWGEN,320,-5.5508,528.45,-4.8,-5.86,0.57,1.8179
2026-08-19,TRIDENT,321,-5.6275,24.47,-1.45,-2.0,-1.25,0.8358
2026-08-19,SWIGGY,322,-5.771,274.0,-2.32,-5.84,2.06,1.0569
2026-08-19,NSLNISP,323,-5.9644,40.49,-8.29,-8.0,-3.71,3.3529
2026-08-19,IGL,324,-5.9815,149.39,-2.4,-2.95,-0.87,1.0403
2026-08-19,ICICIBANK,325,-5.9875,1412.0,-1.23,-2.93,-1.31,0.9142
2026-08-19,BHARATFORG,326,-6.1232,2093.0,-0.0,-5.34,-4.05,1.5335
2026-08-19,GODREJCP,327,-6.2091,931.0,-9.17,-12.02,-12.74,5.4644
2026-08-19,ITI,328,-6.3112,277.25,-3.06,-1.74,0.42,0.6939
2026-08-19,PRESTIGE,329,-6.3259,1591.9,0.18,-4.68,-3.2,1.217
2026-08-19,SHYAMMETL,330,-6.4271,986.9,-1.61,-3.73,-4.66,1.5556
2026-08-19,ADANIPOWER,331,-6.4444,205.58,-1.64,-2.08,-1.28,0.7759
2026-08-19,LINDEINDIA,332,-6.5292,6732.0,-4.48,-3.56,-0.51,1.31
2026-08-19,IRCTC,333,-6.5867,493.05,-4.27,-3.37,1.46,0.9385
2026-08-19,FIRSTCRY,334,-6.6129,204.65,-4.4,-4.69,-3.63,1.925
2026-08-19,BLUEDART,335,-6.624,5125.0,-1.26,-5.56,0.21,0.9987
2026-08-19,TMPV,336,-6.6676,322.8,-7.13,-7.39,-0.49,2.252
2026-08-19,FEDERALBNK,337,-7.0177,354.1,-1.19,-4.74,-0.67,0.9396
2026-08-19,CREDITACC,338,-7.3788,1538.6,0.53,-1.26,-3.3,0.5459
2026-08-19,CHOICEIN,339,-7.4197,803.8,-4.85,-2.93,0.47,0.9848
2026-08-19,NESTLEIND,340,-7.5181,1462.5,-2.06,-3.78,-1.96,1.0379
2026-08-19,HEXT,341,-7.5581,552.75,-2.19,-0.4,-6.81,1.2439
2026-08-19,SBICARD,342,-7.7425,615.0,-5.39,-6.53,-6.09,2.3273
2026-08-19,BPCL,343,-7.7761,310.3,-2.36,-4.23,-3.05,1.239
2026-08-19,TRITURBINE,344,-7.7905,581.9,-3.07,-5.96,-4.5,1.7382
2026-08-19,IOC,345,-7.7995,137.8,-1.57,-2.68,-2.46,0.8614
2026-08-19,APTUS,346,-7.8168,257.0,0.12,-1.38,-8.64,1.2669
2026-08-19,PIIND,347,-7.9977,2472.0,-10.16,-11.49,-9.87,3.9412
2026-08-19,NYKAA,348,-8.0743,320.6,-1.35,-6.39,-2.73,1.2978
2026-08-19,ADANIGREEN,349,-8.2872,1308.0,-4.25,-5.49,-5.07,1.7863
2026-08-19,COALINDIA,350,-8.3618,406.9,-1.38,-2.56,-0.79,0.5664
2026-08-19,SAMMAANCAP,351,-8.4269,150.23,-8.06,-6.27,-7.99,2.6483
2026-08-19,ADANIENSOL,352,-8.4999,1589.1,-2.63,-3.52,-6.7,1.5116
2026-08-19,JSWENERGY,353,-8.5226,548.1,-2.65,-3.5,0.71,0.6386
2026-08-19,TTML,354,-8.6903,37.85,-2.47,-5.09,-2.9,1.204
2026-08-19,UCOBANK,355,-8.7496,26.11,-0.04,-0.76,-2.06,0.327
2026-08-19,AADHARHFC,356,-8.9598,487.65,-2.79,-3.27,-2.86,0.9958
2026-08-19,TATACHEM,357,-9.0832,653.0,-2.36,-2.29,-3.16,0.8591
2026-08-19,KIRLOSENG,358,-9.0915,2101.6,-1.39,-5.55,-7.95,1.6381
2026-08-19,SWANCORP,359,-9.093,304.55,-2.15,-2.87,-1.44,0.7108
2026-08-19,PAGEIND,360,-9.2448,36425.0,-5.24,-8.36,-9.77,2.5289
2026-08-19,ULTRACEMCO,361,-9.2449,11499.0,-2.39,-4.57,-3.82,1.1661
2026-08-19,DEEPAKFERT,362,-9.2588,1472.0,-1.74,-7.95,-10.65,2.1958
2026-08-19,GESHIP,363,-9.271,1302.9,0.8,-9.2,-5.41,1.4897
2026-08-19,HCLTECH,364,-9.2774,1298.0,-4.94,-5.25,-1.56,1.2662
2026-08-19,AEGISVOPAK,365,-9.376,274.8,-2.05,-7.21,-6.04,1.6315
2026-08-19,CAMS,366,-9.4925,762.0,-3.3,-5.86,-4.79,1.4687
2026-08-19,TATACOMM,367,-9.5198,1689.8,-3.22,-4.99,-4.23,1.3073
2026-08-19,INFY,368,-9.6044,1115.0,-6.36,-4.5,0.84,1.0426
2026-08-19,BAYERCROP,369,-9.6919,4099.2,-1.4,-4.74,-3.29,0.9727
2026-08-19,GODREJIND,370,-9.7713,1223.0,-5.36,-8.53,-8.25,2.2652
2026-08-19,HINDPETRO,371,-9.8164,366.0,-6.36,-6.51,-8.51,2.1783
2026-08-19,SAGILITY,372,-9.8726,42.16,-2.0,-4.38,-2.32,0.8806
2026-08-19,NUVOCO,373,-9.8912,331.1,-2.01,-5.56,-5.71,1.343
2026-08-19,WIPRO,374,-9.931,178.06,-3.54,-4.42,-1.69,0.9722
2026-08-19,RECLTD,375,-9.9568,338.5,-1.8,-8.02,-8.13,1.8021
2026-08-19,TECHM,376,-10.0536,1592.0,-3.1,-3.43,-2.64,0.9124
2026-08-19,ASIANPAINT,377,-10.0802,2628.4,-3.92,-5.28,-3.94,1.3033
2026-08-19,TATAINVEST,378,-10.1465,654.55,-4.85,-3.27,0.71,0.73
2026-08-19,HDFCBANK,379,-10.1625,723.0,-0.82,-2.56,-1.69,0.4989
2026-08-19,TCS,380,-10.3275,2280.0,-6.78,-7.32,-4.92,1.841
2026-08-19,IEX,381,-10.3818,125.3,-0.79,-2.11,-1.16,0.3911
2026-08-19,JBMA,382,-10.484,621.35,-2.82,-6.23,-6.56,1.4884
2026-08-19,JAINREC,383,-10.7494,301.9,-0.13,-13.79,-10.8,2.3
2026-08-19,BIKAJI,384,-10.9786,613.65,-1.55,-5.59,-4.3,1.0424
2026-08-19,ATGL,385,-11.0562,647.3,-2.83,-2.95,0.27,0.4979
2026-08-19,J&KBANK,386,-11.1365,147.97,-4.63,-5.22,-16.64,2.3786
2026-08-19,IRFC,387,-11.2088,86.11,-2.05,-3.9,-1.19,0.6366
2026-08-19,UBL,388,-11.2395,1367.9,-1.08,-4.9,-4.26,0.9106
2026-08-19,NHPC,389,-11.3589,76.73,-0.29,-4.68,-1.98,0.6118
2026-08-19,INDIACEM,390,-11.5906,376.15,-4.13,-3.79,-5.57,1.1637
2026-08-19,CROMPTON,391,-11.6535,244.8,-0.24,-6.96,-1.05,0.708
2026-08-19,DOMS,392,-11.7413,2218.1,-1.42,-3.22,-2.01,0.5666
2026-08-19,NLCINDIA,393,-11.806,276.65,-3.29,-8.0,-7.49,1.5903
2026-08-19,MANAPPURAM,394,-11.8599,346.6,-3.72,-2.8,-4.06,0.8922
2026-08-19,SOBHA,395,-12.8319,1308.3,-2.52,-3.69,-2.69,0.6929
2026-08-19,ABLBL,396,-12.8823,88.72,-3.02,-6.19,-5.49,1.1403
2026-08-19,IOB,397,-13.008,33.27,-2.75,-2.97,-1.68,0.5694
2026-08-19,GODIGIT,398,-13.2098,254.85,-5.05,-3.01,0.02,0.6083
2026-08-19,NBCC,399,-13.2172,88.0,-6.18,-7.21,-6.89,1.5346
2026-08-19,INTELLECT,400,-13.3236,695.45,-4.45,-7.13,-3.1,1.102
2026-08-19,LEMONTREE,401,-13.4708,109.02,-0.31,-3.77,-1.17,0.3897
2026-08-19,LICHSGFIN,402,-13.549,498.8,-0.64,-2.58,-8.59,0.8717
2026-08-19,UPL,403,-13.8751,560.05,-1.4,-3.75,-6.6,0.8474
2026-08-19,JSWCEMENT,404,-14.1634,127.31,-3.2,-3.49,-5.15,0.8357
2026-08-19,TORNTPOWER,405,-14.2097,1264.1,-4.98,-5.73,-11.71,1.5785
2026-08-19,ITC,406,-14.3395,270.0,-3.23,-6.57,-5.15,1.0424
2026-08-19,BAJAJHFL,407,-14.4559,84.36,-0.96,-3.16,-1.52,0.39
2026-08-19,HUDCO,408,-14.4758,188.01,-3.96,-7.57,-3.31,1.0256
2026-08-19,CHAMBLFERT,409,-14.7022,434.4,-2.24,-4.44,-0.91,0.5166
2026-08-19,DABUR,410,-14.9052,403.5,-2.22,-1.5,-4.97,0.5829
2026-08-19,HONAUT,411,-15.0556,36400.0,-4.3,-5.63,-3.0,0.8583
2026-08-19,SJVN,412,-15.4494,66.56,-1.97,-4.12,-2.18,0.5352
2026-08-19,ZYDUSWELL,413,-15.4914,496.65,-1.87,-9.73,-9.61,1.3691
2026-08-19,NIVABUPA,414,-15.5698,82.71,-4.26,-4.45,-4.84,0.8703
2026-08-19,TRENT,415,-15.5819,2942.1,-1.93,-5.33,0.39,0.4409
2026-08-19,ZENSARTECH,416,-15.699,484.9,-3.14,-5.26,-7.58,1.0172
2026-08-19,IDBI,417,-15.8638,81.11,-1.61,-4.07,-4.99,0.6727
2026-08-19,JKCEMENT,418,-15.8993,5340.0,-0.88,-4.02,-6.81,0.7362
2026-08-19,IREDA,419,-15.9963,115.27,-2.89,-4.22,-4.33,0.7154
2026-08-19,MAPMYINDIA,420,-16.0775,1012.6,-0.07,-11.15,-10.87,1.3743
2026-08-19,BBTC,421,-16.3013,1463.6,-3.04,-4.79,-2.2,0.6155
2026-08-19,MARUTI,422,-16.3714,13691.0,-2.14,-3.37,-0.8,0.3853
2026-08-19,POWERGRID,423,-16.4025,268.0,0.02,-5.43,-6.06,0.6998
2026-08-19,JPPOWER,424,-17.5079,17.32,-2.42,-8.07,2.36,0.4642
2026-08-19,COLPAL,425,-18.3591,1903.0,-5.23,-5.32,-11.0,1.1737
2026-08-19,HBLENGINE,426,-18.4886,674.6,-2.87,-8.74,-5.49,0.9247
2026-08-19,IRCON,427,-19.0472,123.62,-3.53,-6.3,-0.72,0.5538
2026-08-19,BSE,428,-19.116,3308.0,-8.24,-8.57,-4.33,1.1058
2026-08-19,VMM,429,-19.4522,103.71,-5.93,-6.82,-5.36,0.9309
2026-08-19,IRB,430,-19.7719,19.03,-2.71,-5.46,-2.16,0.5226
2026-08-19,GMRAIRPORT,431,-20.1909,101.39,-3.54,-4.85,-6.09,0.717
2026-08-19,BLUESTARCO,432,-20.9381,1493.0,-0.33,-11.39,-9.25,1.0017
2026-08-19,JKTYRE,433,-21.4495,383.15,-1.97,-6.64,-4.4,0.6067
2026-08-19,KEC,434,-21.6814,428.6,-4.91,-9.6,-8.03,1.0395
2026-08-19,FACT,435,-21.7293,793.25,-4.97,-5.93,-3.21,0.6491
2026-08-19,LATENTVIEW,436,-22.5733,281.6,-4.46,-5.52,-9.76,0.8744
2026-08-19,GILLETTE,437,-23.6979,7569.5,-1.07,-1.94,-4.67,0.3241
2026-08-19,GODFRYPHLP,438,-24.9581,2102.3,-5.51,-10.04,3.5,0.483
2026-08-19,SHREECEM,439,-25.2491,24535.0,-6.0,-9.13,-8.66,0.9419
2026-08-19,ABFRL,440,-25.401,54.97,-6.24,-9.89,-3.05,0.755
2026-08-19,EIHOTEL,441,-25.908,296.0,-2.36,-10.33,-10.48,0.8942
2026-08-19,RAILTEL,442,-26.7741,279.95,-3.75,-4.21,-2.98,0.4085
2026-08-19,FSL,443,-28.9695,263.85,-5.63,-20.21,0.3,0.8819
2026-08-19,ICICIGI,444,-30.4194,1626.3,-1.36,-2.91,-3.25,0.2474
2026-08-19,PFC,445,-32.9663,374.45,-1.72,-10.85,-10.82,0.7095
2026-08-19,WHIRLPOOL,446,-35.0667,769.0,-3.28,-6.28,-1.46,0.3141
2026-08-19,ACC,447,-40.9766,1303.8,-2.69,-5.84,-2.83,0.2773
2026-08-19,DELHIVERY,448,-41.323,451.8,-4.57,-6.27,-4.32,0.3668
2026-08-19,SBILIFE,449,-48.5894,1778.0,-3.24,-6.37,-5.88,0.3189
2026-08-19,INDHOTEL,450,-49.5779,719.0,-0.69,-4.13,-2.14,0.1404
2026-08-19,AMBUJACEM,451,-79.3985,412.4,-2.74,-5.42,-3.19,0.143
2026-08-19,RPOWER,452,-81.6994,22.45,-4.95,-6.73,-4.31,0.1957
2026-08-20,SAPPHIRE,1,40.7315,231.99,-1.71,20.64,25.92,1.1013
2026-08-20,WELCORP,2,32.0469,1917.1,4.37,10.39,16.68,0.9809
2026-08-20,MOTHERSON,3,28.3663,170.29,0.47,10.33,16.64,0.967
2026-08-20,SUPREMEIND,4,27.2547,3604.0,4.92,2.94,6.14,0.5139
2026-08-20,MAZDOCK,5,26.9023,2563.8,0.46,7.7,11.09,0.7157
2026-08-20,BOSCHLTD,6,26.0297,48730.0,7.85,18.28,17.96,1.6936
2026-08-20,PINELABS,7,23.5881,157.62,-7.24,6.63,8.97,0.3544
2026-08-20,ENRIN,8,21.4871,3593.2,0.82,8.55,12.96,1.0394
2026-08-20,NAUKRI,9,21.4362,1378.4,2.94,10.98,10.46,1.1376
2026-08-20,POLICYBZR,10,21.3787,1782.1,2.48,10.01,10.61,1.0801
2026-08-20,APLAPOLLO,11,21.0548,2121.8,6.24,8.89,13.48,1.3591
2026-08-20,ZFCVINDIA,12,20.8965,2672.7,2.21,4.58,12.44,0.9204
2026-08-20,FINCABLES,13,20.8434,1313.7,2.63,30.93,33.38,3.2118
2026-08-20,HEROMOTOCO,14,20.7969,5709.5,-3.15,0.34,10.88,0.3885
2026-08-20,ANANDRATHI,15,20.1849,2189.2,0.01,7.44,7.58,0.7444
2026-08-20,IFCI,16,19.5279,81.68,11.11,7.99,14.56,1.7236
2026-08-20,DEVYANI,17,19.1583,142.09,-0.49,18.66,24.95,2.2503
2026-08-20,ZENTEC,18,18.3148,1982.4,8.94,17.76,20.83,2.5952
2026-08-20,TEGA,19,17.3029,1733.9,5.27,9.75,15.52,1.7651
2026-08-20,NIACL,20,17.2796,184.08,2.63,7.17,12.88,1.3123
2026-08-20,BEML,21,17.095,1966.9,3.49,17.67,10.41,1.8466
2026-08-20,GRAVITA,22,16.5696,1814.1,1.66,9.38,10.72,1.3127
2026-08-20,BEL,23,16.5477,409.2,0.86,4.92,5.59,0.6872
2026-08-20,TITAN,24,15.8753,5068.0,-0.61,3.17,4.49,0.4441
2026-08-20,SYRMA,25,15.6319,1494.8,1.46,4.23,11.27,1.0851
2026-08-20,URBANCO,26,15.4133,144.97,3.74,2.17,11.26,1.1136
2026-08-20,TMCV,27,14.7595,478.3,4.65,6.24,16.26,1.8397
2026-08-20,RADICO,28,14.3661,4732.9,4.13,6.36,10.33,1.4495
2026-08-20,UNIONBANK,29,14.2141,186.9,-0.05,6.31,9.25,1.091
2026-08-20,RKFORGE,30,13.8595,749.2,0.79,6.05,16.65,1.6954
2026-08-20,PNBHOUSING,31,13.7303,1145.8,0.32,6.09,7.14,0.9877
2026-08-20,UNOMINDA,32,13.4462,1272.0,3.21,1.76,8.84,1.0272
2026-08-20,CRAFTSMAN,33,13.0499,10890.5,5.79,7.03,17.23,2.3031
2026-08-20,HAL,34,12.9725,5017.0,0.44,8.01,9.26,1.3648
2026-08-20,JYOTICNC,35,12.6606,950.65,16.1,10.57,15.54,3.3337
2026-08-20,NAVINFLUOR,36,12.5504,8255.0,1.21,8.21,9.88,1.538
2026-08-20,ENGINERSIN,37,12.3436,244.78,0.74,8.84,9.97,1.5838
2026-08-20,SONACOMS,38,12.2351,823.5,2.36,1.09,14.3,1.4507
2026-08-20,SBFC,39,11.9868,93.67,-0.18,1.63,3.78,0.4358
2026-08-20,PETRONET,40,11.6181,288.15,2.97,2.62,3.99,0.8238
2026-08-20,LTFOODS,41,11.3644,429.5,0.66,2.96,13.44,1.5013
2026-08-20,CHENNPETRO,42,11.2762,1440.3,4.41,10.46,18.81,2.9864
2026-08-20,PAYTM,43,11.0898,1583.5,-1.65,10.81,19.06,2.5452
2026-08-20,ELGIEQUIP,44,10.527,637.8,10.82,9.19,10.51,2.899
2026-08-20,WELSPUNLIV,45,10.4799,181.24,9.69,12.73,11.67,3.2524
2026-08-20,AARTIIND,46,10.3316,530.1,4.91,10.04,11.19,2.5296
2026-08-20,BLS,47,10.1867,267.74,2.64,7.98,13.59,2.3769
2026-08-20,JUBLFOOD,48,10.0929,498.3,2.81,2.74,13.22,1.86
2026-08-20,MCX,49,10.0664,2973.0,0.1,14.41,9.4,2.375
2026-08-20,TBOTEK,50,9.8535,1708.2,4.18,6.55,13.23,2.4314
2026-08-20,PNB,51,9.6903,117.48,-1.26,3.46,5.76,0.8216
2026-08-20,GRASIM,52,9.6411,3278.7,-1.31,4.48,5.21,0.8701
2026-08-20,ACE,53,9.6018,1184.8,10.39,7.85,9.95,2.9352
2026-08-20,DATAPATTNS,54,9.5112,4774.2,6.31,7.37,7.61,2.2377
2026-08-20,INDGN,55,9.4213,567.7,0.02,2.52,11.64,1.505
2026-08-20,SUMICHEM,56,9.2836,554.2,1.25,9.19,10.46,2.2521
2026-08-20,KPRMILL,57,9.0247,1126.2,3.44,4.42,6.2,1.5582
2026-08-20,RRKABEL,58,8.8315,2898.8,3.91,3.79,13.28,2.3762
2026-08-20,ETERNAL,59,8.7663,320.0,1.89,3.11,2.63,0.8708
2026-08-20,ENDURANCE,60,8.667,3018.3,1.02,6.33,11.5,2.1742
2026-08-20,HFCL,61,8.5348,226.53,2.26,6.74,17.03,3.0502
2026-08-20,KEI,62,8.5127,5681.1,-1.27,1.87,17.05,2.0735
2026-08-20,ASAHIINDIA,63,8.4875,957.05,7.35,3.28,8.91,2.302
2026-08-20,INDIANB,64,8.2429,873.15,-2.66,2.24,5.49,0.6156
2026-08-20,IIFL,65,8.0231,630.85,0.82,3.38,6.01,1.2721
2026-08-20,PVRINOX,66,7.8831,1198.1,3.27,0.84,7.15,1.4282
2026-08-20,MOTILALOFS,67,7.7084,942.1,4.56,7.06,10.15,2.8246
2026-08-20,BALRAMCHIN,68,7.7061,650.8,7.62,2.4,7.34,2.2531
2026-08-20,CLEAN,69,7.6338,819.3,1.79,6.55,11.12,2.549
2026-08-20,IDEA,70,7.6331,14.07,4.22,9.92,7.82,2.877
2026-08-20,OIL,71,7.5813,474.85,0.6,6.95,6.02,1.7898
2026-08-20,MEESHO,72,7.4933,192.95,1.33,0.56,6.32,1.0959
2026-08-20,ATHERENERG,73,7.2782,1438.2,-8.36,-2.22,15.42,0.665
2026-08-20,BDL,74,6.9664,1349.0,0.67,8.79,6.91,2.3502
2026-08-20,PIDILITIND,75,6.9118,1674.0,-0.7,3.33,3.36,0.867
2026-08-20,DLF,76,6.8284,669.9,1.23,3.2,-0.05,0.642
2026-08-20,EICHERMOT,77,6.7925,8018.5,0.23,1.05,2.33,0.5318
2026-08-20,ANANTRAJ,78,6.7187,631.55,2.75,0.53,2.96,0.929
2026-08-20,MINDACORP,79,6.5741,745.25,3.3,3.19,9.02,2.3591
2026-08-20,HYUNDAI,80,6.5396,2174.5,-2.92,-1.98,9.11,0.643
2026-08-20,JSWDULUX,81,6.4784,3110.4,-1.48,3.94,6.19,1.3346
2026-08-20,M&M,82,6.4057,3415.0,0.33,-1.17,6.0,0.8059
2026-08-20,DIXON,83,6.3578,14462.0,4.8,1.06,1.31,1.1276
2026-08-20,ICICIAMC,84,6.3179,3260.9,6.06,5.81,4.83,2.6432
2026-08-20,THELEELA,85,6.2637,519.15,1.35,3.81,9.16,2.2851
2026-08-20,IKS,86,5.9724,1861.6,6.68,0.85,2.31,1.6477
2026-08-20,DEEPAKNTR,87,5.9178,1768.3,2.9,1.82,5.6,1.7437
2026-08-20,PTCIL,88,5.6351,19791.0,4.68,9.35,10.73,4.3929
2026-08-20,RELIANCE,89,5.6271,1311.0,-1.35,2.42,2.75,0.6786
2026-08-20,FLUOROCHEM,90,5.5993,4674.8,5.86,1.34,4.17,2.0312
2026-08-20,DALBHARAT,91,5.5712,1837.1,0.08,0.55,1.43,0.3706
2026-08-20,TATATECH,92,5.508,812.55,-3.51,7.77,9.45,2.4883
2026-08-20,APARINDS,93,5.3957,16615.0,-7.69,6.06,20.09,3.4207
2026-08-20,COCHINSHIP,94,5.3638,1485.0,-1.39,4.21,5.8,1.6062
2026-08-20,MRPL,95,5.2715,176.51,0.64,3.24,8.02,2.2577
2026-08-20,EXIDEIND,96,5.0568,465.25,-3.74,1.51,9.88,1.5118
2026-08-20,COFORGE,97,4.921,1813.1,0.64,2.03,5.73,1.7073
2026-08-20,SOLARINDS,98,4.8523,19721.0,5.29,7.18,9.08,4.4405
2026-08-20,CANHLIFE,99,4.8142,149.27,-0.05,0.41,5.36,1.1884
2026-08-20,HAVELLS,100,4.7908,1287.0,1.74,-0.23,4.04,1.1582
2026-08-20,SRF,101,4.68,2630.0,2.33,-0.47,-0.13,0.3718
2026-08-20,TIINDIA,102,4.6761,2959.0,6.44,7.82,4.73,4.0621
2026-08-20,KPIL,103,4.666,1376.6,-1.45,7.3,5.62,2.4572
2026-08-20,NETWEB,104,4.6306,5065.0,4.71,3.5,16.06,5.2399
2026-08-20,AUBANK,105,4.5039,1075.0,-1.5,2.25,3.14,0.8635
2026-08-20,CYIENT,106,4.4484,894.5,6.42,3.46,3.12,2.9241
2026-08-20,HINDCOPPER,107,4.4475,554.85,1.31,3.94,14.77,4.5009
2026-08-20,BALKRISIND,108,4.2692,2376.7,-4.89,-4.62,18.06,2.001
2026-08-20,GRSE,109,4.1634,2638.3,2.4,5.22,0.46,1.9436
2026-08-20,GRAPHITE,110,4.1088,717.55,-1.2,1.18,7.64,1.855
2026-08-20,AEGISLOG,111,4.0893,1364.0,7.87,-2.28,6.35,2.9191
2026-08-20,TVSMOTOR,112,4.089,4361.1,-0.32,-2.11,7.01,1.1189
2026-08-20,BRIGADE,113,4.055,588.9,-2.68,1.5,5.12,0.973
2026-08-20,JINDALSAW,114,4.0108,268.7,-0.32,1.17,4.31,1.2867
2026-08-20,BERGEPAINT,115,4.0018,541.2,1.17,1.39,8.38,2.7326
2026-08-20,CHALET,116,3.925,848.05,3.14,1.0,1.36,1.4015
2026-08-20,BAJAJ-AUTO,117,3.7107,11607.0,-0.94,0.06,2.05,0.3153
2026-08-20,MMTC,118,3.6677,63.54,-2.22,-0.17,4.87,0.6761
2026-08-20,HEG,119,3.6366,708.05,5.0,3.18,5.26,3.697
2026-08-20,AMBER,120,3.5579,7350.0,3.84,-0.61,1.96,1.4567
2026-08-20,LT,121,3.511,4041.3,0.53,-0.39,2.8,0.8369
2026-08-20,POONAWALLA,122,3.4951,493.3,1.9,2.61,2.43,1.9858
2026-08-20,SHRIRAMFIN,123,3.4144,1106.0,-1.0,-1.46,5.87,0.997
2026-08-20,AFFLE,124,3.3276,1693.8,1.25,1.88,2.39,1.6569
2026-08-20,LGEINDIA,125,3.3227,1645.1,4.2,4.21,8.36,5.0473
2026-08-20,ASTRAL,126,3.297,1520.0,6.67,4.97,3.3,4.5342
2026-08-20,ELECON,127,3.1441,433.95,-0.56,1.02,4.6,1.6116
2026-08-20,360ONE,128,3.1325,1163.6,-0.38,0.74,3.13,1.1162
2026-08-20,MGL,129,3.0938,1128.0,0.85,1.16,2.08,1.3212
2026-08-20,OBEROIRLTY,130,3.0597,1858.0,3.59,4.45,1.56,3.1378
2026-08-20,MFSL,131,3.0288,1546.1,1.99,1.52,2.05,1.8318
2026-08-20,HDFCAMC,132,2.9809,2551.7,2.48,-0.4,0.39,0.8257
2026-08-20,MRF,133,2.909,133505.0,1.82,0.57,0.27,0.915
2026-08-20,POWERINDIA,134,2.8803,33800.0,-5.59,4.32,6.71,1.8898
2026-08-20,CARBORUNIV,135,2.8231,1126.0,-4.07,4.4,6.08,2.2699
2026-08-20,HONASA,136,2.7978,474.6,1.56,3.31,4.98,3.5197
2026-08-20,CUB,137,2.741,221.03,2.4,8.05,-3.42,2.5647
2026-08-20,NAM-INDIA,138,2.6321,1217.0,2.93,0.16,4.19,2.768
2026-08-20,BHEL,139,2.4358,419.8,-0.05,1.79,3.62,2.2016
2026-08-20,ASHOKLEY,140,2.4029,173.1,-2.04,-2.2,9.58,2.224
2026-08-20,KAJARIACER,141,2.3844,1225.8,0.02,2.34,1.38,1.5665
2026-08-20,CEATLTD,142,2.3754,3605.4,-3.86,-0.16,6.0,0.8318
2026-08-20,INDUSINDBK,143,2.3553,1015.0,0.6,-1.07,2.32,0.7881
2026-08-20,HINDALCO,144,2.2798,1038.95,-3.67,-0.1,7.95,1.8337
2026-08-20,CANBK,145,2.2753,129.08,-2.21,0.13,3.5,0.6222
2026-08-20,BANKINDIA,146,2.2608,141.7,-2.61,0.5,2.94,0.3658
2026-08-20,ZEEL,147,2.2597,102.22,4.82,8.11,-5.47,3.304
2026-08-20,SIEMENS,148,2.2401,3898.9,-2.99,-2.04,6.8,0.7901
2026-08-20,IGIL,149,2.2095,349.7,0.72,-3.42,6.37,1.6602
2026-08-20,SARDAEN,150,2.1713,518.15,4.5,1.72,1.56,3.58
2026-08-20,LICI,151,2.0327,413.1,-0.94,5.11,-2.55,0.8026
2026-08-20,DMART,152,1.9983,3965.0,-1.86,0.48,3.04,0.8322
2026-08-20,TENNIND,153,1.8663,556.85,3.0,-4.11,3.39,1.2204
2026-08-20,ABSLAMC,154,1.8287,1013.3,-0.63,1.78,1.41,1.4006
2026-08-20,JINDALSTEL,155,1.7858,1115.0,0.27,0.14,2.42,1.5843
2026-08-20,NTPCGREEN,156,1.7746,91.7,-0.82,1.15,0.24,0.3187
2026-08-20,ACMESOLAR,157,1.7376,371.75,0.9,-2.59,4.57,1.6532
2026-08-20,OFSS,158,1.724,11774.0,0.81,0.13,3.04,2.3072
2026-08-20,ATGL,159,1.6696,664.25,0.59,0.59,1.27,1.47
2026-08-20,TIMKEN,160,1.6664,3231.8,-0.1,-2.34,4.37,1.1536
2026-08-20,PARADEEP,161,1.6584,150.89,2.52,2.85,-3.61,1.0616
2026-08-20,NATIONALUM,162,1.5064,386.55,-7.96,1.46,12.14,3.7396
2026-08-20,SCI,163,1.4876,295.35,-1.15,-1.78,6.01,2.0694
2026-08-20,JMFINANCIL,164,1.4407,125.4,-0.61,1.47,2.2,2.126
2026-08-20,CHOLAFIN,165,1.382,1873.5,-2.3,-0.35,3.92,0.9192
2026-08-20,JSL,166,1.3462,732.4,1.01,-0.44,1.12,1.2504
2026-08-20,KFINTECH,167,1.3214,948.0,2.82,-0.08,-0.08,2.0104
2026-08-20,BAJAJFINSV,168,1.2904,2012.0,-0.42,-3.55,4.55,0.4525
2026-08-20,BHARTIHEXA,169,1.2868,1600.4,5.64,-1.01,-0.26,3.3888
2026-08-20,CASTROLIND,170,1.2259,188.75,0.2,-1.46,2.05,0.648
2026-08-20,FEDERALBNK,171,1.2076,358.8,0.55,0.66,-0.1,0.9177
2026-08-20,REDINGTON,172,1.0932,326.3,-7.97,-6.66,17.35,2.4885
2026-08-20,GPIL,173,1.0429,246.1,7.47,-0.09,-2.26,4.9045
2026-08-20,KAYNES,174,1.034,3823.3,-0.12,-1.92,5.08,2.937
2026-08-20,HOMEFIRST,175,1.028,1177.1,0.09,0.63,-0.33,0.3852
2026-08-20,BATAINDIA,176,0.9817,721.3,0.86,-1.2,3.29,3.0027
2026-08-20,NUVAMA,177,0.9614,1746.8,2.35,3.1,-3.43,2.1079
2026-08-20,APOLLOTYRE,178,0.8937,436.0,-1.58,-0.54,2.87,0.8396
2026-08-20,GICRE,179,0.8575,359.6,1.05,-0.01,0.18,1.4239
2026-08-20,PIRAMALFIN,180,0.6392,2060.5,-2.56,0.4,2.73,0.8818
2026-08-20,CHOLAHLDNG,181,0.6158,1563.3,-2.94,1.13,3.19,2.236
2026-08-20,AFCONS,182,0.5714,277.95,3.73,-1.05,-1.7,1.7224
2026-08-20,IDFCFIRSTB,183,0.4673,85.49,-0.36,0.22,0.55,0.8865
2026-08-20,LTM,184,0.2778,4564.4,-4.15,1.3,3.2,1.2543
2026-08-20,LTF,185,0.1711,315.4,-0.57,-0.94,2.02,2.9915
2026-08-20,CRISIL,186,0.064,4442.5,-0.85,1.96,-1.06,0.7382
2026-08-20,TRAVELFOOD,187,0.0008,1346.4,-3.07,-1.44,4.51,0.9531
2026-08-20,AAVAS,188,-0.0203,1388.3,-0.61,-0.31,0.89,1.5132
2026-08-20,HDBFS,189,-0.0235,681.1,-1.11,0.87,0.21,1.634
2026-08-20,POLYCAB,190,-0.0339,9139.0,0.15,-0.4,0.19,1.7075
2026-08-20,ITI,191,-0.0552,280.35,-1.8,-0.8,2.54,1.0498
2026-08-20,GROWW,192,-0.1193,194.14,-1.59,1.2,0.22,1.4317
2026-08-20,EMAMILTD,193,-0.1391,400.1,-0.55,2.12,-1.72,1.0634
2026-08-20,ARE&M,194,-0.1727,928.55,-4.21,-1.1,5.17,0.814
2026-08-20,DCMSHRIRAM,195,-0.2617,1026.4,1.93,-0.03,-2.24,1.303
2026-08-20,PATANJALI,196,-0.2656,351.65,-0.38,-2.29,2.54,0.5194
2026-08-20,ACUTAAS,197,-0.3608,3228.9,2.39,-1.64,-2.34,4.3949
2026-08-20,CANFINHOME,198,-0.384,817.65,-0.52,0.76,-0.55,0.8142
2026-08-20,SBIN,199,-0.4576,1048.6,-3.09,-0.61,3.44,0.5478
2026-08-20,SAIL,200,-0.5352,172.75,-0.72,-1.57,1.05,2.314
2026-08-20,JSWINFRA,201,-0.5787,328.65,-3.86,-0.18,3.28,1.3124
2026-08-20,TECHNOE,202,-0.593,1002.45,-5.25,1.73,1.06,4.1501
2026-08-20,KALYANKJIL,203,-0.6167,595.2,-0.25,4.51,-5.31,1.7059
2026-08-20,ESCORTS,204,-0.729,3062.1,-1.45,-1.26,1.73,1.3328
2026-08-20,SPLPETRO,205,-0.8413,707.0,3.17,-1.37,-4.51,3.2145
2026-08-20,CONCOR,206,-0.9167,514.35,0.45,-0.39,-2.19,2.3183
2026-08-20,UNITDSPR,207,-0.9863,1520.9,-1.8,-0.27,0.8,1.2794
2026-08-20,CGPOWER,208,-1.0044,863.05,-2.81,-2.97,4.04,1.7311
2026-08-20,EIDPARRY,209,-1.0159,787.05,1.88,-4.39,1.05,1.433
2026-08-20,TATACAP,210,-1.0466,365.55,-0.41,-1.71,1.04,1.0315
2026-08-20,ANURAS,211,-1.0757,1210.5,0.1,-0.32,-0.65,0.8091
2026-08-20,BAJAJHLDNG,212,-1.089,11254.0,-2.56,-1.93,3.91,0.5356
2026-08-20,CIEINDIA,213,-1.1056,409.7,-0.8,-0.22,0.34,0.6108
2026-08-20,VTL,214,-1.1468,598.9,0.49,0.14,-2.22,1.3879
2026-08-20,RAILTEL,215,-1.2165,287.25,0.51,-0.81,-2.13,2.0005
2026-08-20,AXISBANK,216,-1.2571,1235.0,0.41,-1.51,-0.03,0.9015
2026-08-20,GABRIEL,217,-1.3208,1467.6,-2.25,-4.13,4.25,1.6142
2026-08-20,TITAGARH,218,-1.3718,831.75,-0.22,-2.49,-0.25,2.1529
2026-08-20,TATAPOWER,219,-1.4476,378.9,-0.14,-1.07,0.44,0.5375
2026-08-20,JSWSTEEL,220,-1.4628,1285.8,1.32,-3.32,0.72,0.8796
2026-08-20,ABDL,221,-1.4949,612.6,-1.16,-1.65,-1.24,2.7083
2026-08-20,IGL,222,-1.5592,152.64,-1.23,-0.93,-0.18,1.5012
2026-08-20,AIIL,223,-1.5647,550.5,-0.78,-3.51,-0.08,2.7881
2026-08-20,ONGC,224,-1.5716,238.0,-0.44,-0.92,-0.13,0.9451
2026-08-20,CENTRALBK,225,-1.6639,31.02,-0.55,-0.67,0.42,0.4788
2026-08-20,ADANIPORTS,226,-1.7095,1681.9,1.02,-1.06,-2.2,1.3148
2026-08-20,YESBANK,227,-1.7122,22.74,-1.04,-1.0,-0.44,1.4505
2026-08-20,HSCL,228,-1.7169,750.25,-1.59,0.17,-2.55,2.3137
2026-08-20,PERSISTENT,229,-1.7547,5442.5,-1.69,-1.03,0.26,1.4001
2026-08-20,COROMANDEL,230,-1.9052,2062.7,-1.08,-2.5,1.77,0.9467
2026-08-20,PGEL,231,-1.9079,601.9,-2.07,-0.18,-1.72,2.0857
2026-08-20,PHOENIXLTD,232,-1.9504,1940.0,1.64,0.4,-4.11,1.0633
2026-08-20,SUZLON,233,-2.0823,46.77,-1.22,-2.87,-1.43,2.6529
2026-08-20,CDSL,234,-2.1788,1329.0,-0.75,0.19,-1.56,0.9702
2026-08-20,CEMPRO,235,-2.1907,1265.7,0.32,-2.5,-5.66,3.5805
2026-08-20,ADANIENT,236,-2.2001,2990.3,0.15,-1.96,-1.13,1.3336
2026-08-20,SUNDARMFIN,237,-2.2165,4485.1,0.26,-5.3,0.11,2.2218
2026-08-20,MPHASIS,238,-2.333,2424.5,-4.46,-1.44,2.68,1.3817
2026-08-20,CESC,239,-2.3507,159.66,-1.71,-2.36,-2.72,2.8857
2026-08-20,THERMAX,240,-2.4286,4079.9,1.35,1.62,-7.62,1.9183
2026-08-20,MAHABANK,241,-2.5264,79.82,-2.5,0.78,-1.13,1.1274
2026-08-20,ABREL,242,-2.5317,1390.8,-0.71,-2.34,-0.06,1.2311
2026-08-20,TARIL,243,-2.5344,291.25,-0.41,-1.17,-2.27,1.5176
2026-08-20,INDIAMART,244,-2.6536,1753.1,-1.75,-1.22,0.58,0.9013
2026-08-20,TATAELXSI,245,-2.6816,3659.7,-1.41,-2.4,-0.37,1.5595
2026-08-20,GODIGIT,246,-2.73,255.75,-3.56,-2.87,4.11,0.8495
2026-08-20,BANKBARODA,247,-2.7874,245.0,-2.39,-0.24,0.68,0.702
2026-08-20,INOXWIND,248,-2.8225,73.74,-0.35,-6.49,-3.73,3.7476
2026-08-20,SCHNEIDER,249,-2.8411,1274.4,-9.19,-4.46,-4.37,6.3429
2026-08-20,WAAREEENER,250,-2.901,2679.0,0.41,-0.67,-2.09,0.8086
2026-08-20,RBLBANK,251,-2.9672,381.5,-2.13,-2.13,2.79,0.4954
2026-08-20,CARTRADE,252,-3.0086,2802.6,1.41,-0.1,-5.4,1.3602
2026-08-20,LTTS,253,-3.0224,3509.9,-3.91,0.23,-2.48,2.0407
2026-08-20,KOTAKBANK,254,-3.0879,390.25,-0.06,-2.44,0.01,0.806
2026-08-20,BHARTIARTL,255,-3.1271,1922.0,-1.18,-2.83,-1.45,1.7459
2026-08-20,SCHAEFFLER,256,-3.2106,4073.3,-1.88,0.44,-1.72,0.9843
2026-08-20,HCLTECH,257,-3.3678,1324.8,-2.97,-1.87,-1.45,1.8679
2026-08-20,KARURVYSYA,258,-3.3765,333.9,-0.09,-2.21,-1.33,1.0753
2026-08-20,UTIAMC,259,-3.4143,894.6,-1.24,-1.59,-0.63,1.0131
2026-08-20,PWL,260,-3.5786,121.92,-1.6,-4.61,-3.66,2.7567
2026-08-20,TATACONSUM,261,-3.652,1061.6,-1.52,-2.78,-1.89,1.6976
2026-08-20,USHAMART,262,-3.7718,501.55,-0.27,-3.59,-1.92,1.5323
2026-08-20,ECLERX,263,-4.0742,1805.2,0.53,-5.94,-4.87,2.5231
2026-08-20,PCBL,264,-4.0931,326.7,3.24,-0.83,-10.66,2.0181
2026-08-20,BELRISE,265,-4.0984,233.01,-10.84,-3.51,1.1,3.2337
2026-08-20,STARHEALTH,266,-4.1693,583.9,-0.14,-0.65,-0.02,0.192
2026-08-20,FORCEMOT,267,-4.3419,17837.0,-7.43,-3.78,2.9,1.9142
2026-08-20,TEJASNET,268,-4.3456,509.55,-3.36,-3.42,-2.01,2.0222
2026-08-20,EMMVEE,269,-4.5386,317.7,-0.22,-1.79,-3.39,1.1905
2026-08-20,PRESTIGE,270,-4.5655,1590.0,0.26,-0.31,-5.49,1.2138
2026-08-20,SAMMAANCAP,271,-4.585,153.63,-4.45,-4.89,-5.21,3.1737
2026-08-20,RAMCOCEM,272,-4.6159,909.8,-2.6,-3.82,0.14,1.3583
2026-08-20,TRIDENT,273,-4.7406,24.49,-0.69,-1.69,-1.49,0.815
2026-08-20,SAREGAMA,274,-4.7448,513.95,-2.86,-5.27,-1.96,2.1285
2026-08-20,BHARATFORG,275,-4.7881,2098.9,2.34,-4.38,-2.95,1.0427
2026-08-20,SIGNATURE,276,-4.8028,800.95,-1.71,-2.13,0.08,0.7822
2026-08-20,INDIGO,277,-4.8481,5220.0,-1.21,-2.58,-0.96,0.9787
2026-08-20,NCC,278,-4.8677,139.57,-2.68,-2.79,-1.81,1.4953
2026-08-20,MSUMI,279,-4.9214,40.32,-1.68,1.43,-2.89,0.6378
2026-08-20,GODREJPROP,280,-4.956,2007.3,-0.38,-4.37,-6.9,2.3502
2026-08-20,AIAENG,281,-5.0876,4447.6,-6.99,-3.88,-3.38,2.7986
2026-08-20,RHIM,282,-5.1388,380.0,-8.55,-6.94,-3.02,3.6043
2026-08-20,FIVESTAR,283,-5.1817,535.35,-2.0,-1.73,-4.62,1.6103
2026-08-20,HINDZINC,284,-5.2318,557.0,-4.72,-6.69,3.78,1.4586
2026-08-20,JUBLINGREA,285,-5.2447,708.4,-1.09,-5.05,-4.02,1.9383
2026-08-20,M&MFIN,286,-5.2495,389.6,-1.58,-2.21,-1.05,0.9223
2026-08-20,KIRLOSENG,287,-5.2648,2125.7,1.15,-6.52,-3.03,1.5954
2026-08-20,LODHA,288,-5.4366,1210.0,0.08,-3.2,-8.08,2.0595
2026-08-20,OLECTRA,289,-5.5115,1305.6,-5.64,-6.7,-1.84,2.5732
2026-08-20,NEWGEN,290,-5.5508,528.45,-4.8,-5.86,0.57,1.8179
2026-08-20,ANGELONE,291,-5.6016,289.5,-0.52,-3.24,-4.3,1.438
2026-08-20,CUMMINSIND,292,-5.6138,5220.0,-2.7,-4.04,-3.03,1.7412
2026-08-20,CGCL,293,-5.6389,226.23,-1.1,-5.07,-0.14,1.1186
2026-08-20,VBL,294,-5.7008,431.85,-1.96,-1.18,-3.43,1.1533
2026-08-20,SWIGGY,295,-5.771,274.0,-2.32,-5.84,2.06,1.0569
2026-08-20,NIVABUPA,296,-5.8707,83.96,-0.15,-4.09,-2.08,1.0766
2026-08-20,SHYAMMETL,297,-5.8857,989.9,0.33,-3.86,-4.23,1.3166
2026-08-20,MUTHOOTFIN,298,-5.98,2859.0,-0.6,-1.14,-5.27,1.1719
2026-08-20,AADHARHFC,299,-6.0667,487.4,-2.82,-1.1,-2.1,0.9916
2026-08-20,HDFCLIFE,300,-6.3539,536.3,-0.13,-1.6,-3.66,0.8485
2026-08-20,LINDEINDIA,301,-6.4322,6725.5,-3.54,-6.02,0.87,1.3507
2026-08-20,SUNTV,302,-6.4391,480.9,0.56,-2.52,-6.23,1.2717
2026-08-20,BBTC,303,-6.4935,1473.2,-1.15,-2.16,-1.24,0.7011
2026-08-20,AWL,304,-6.5187,188.72,-2.84,-2.49,-0.63,0.9141
2026-08-20,NTPC,305,-6.5396,336.55,-0.85,-3.82,-2.02,1.0235
2026-08-20,GALLANTT,306,-6.7417,576.3,-2.9,-8.41,0.3,1.6331
2026-08-20,ABB,307,-6.7746,7430.0,-3.63,-3.39,1.63,0.7948
2026-08-20,ITCHOTELS,308,-6.8113,163.49,-2.87,-3.22,0.29,0.8517
2026-08-20,SBICARD,309,-6.9842,623.65,-5.02,-6.32,-5.58,2.4217
2026-08-20,GODREJIND,310,-7.0844,1229.9,-4.64,-6.03,-6.06,2.3615
2026-08-20,WIPRO,311,-7.1374,179.55,-2.39,-3.98,-2.21,1.2017
2026-08-20,VOLTAS,312,-7.3987,1223.0,-5.19,-5.96,-6.88,2.4368
2026-08-20,TMPV,313,-7.4255,321.3,-6.33,-8.15,-2.58,2.2963
2026-08-20,ADANIENSOL,314,-7.5371,1540.7,-3.65,-6.17,-7.62,2.3134
2026-08-20,GAIL,315,-7.7885,172.5,-3.06,-2.52,-1.5,0.9089
2026-08-20,NSLNISP,316,-7.8017,40.15,-8.75,-10.32,-6.76,3.3105
2026-08-20,RVNL,317,-7.8563,223.5,-2.83,-2.4,-0.59,0.7407
2026-08-20,NMDC,318,-7.9245,83.35,-2.97,-2.86,-2.91,1.1024
2026-08-20,ICICIPRULI,319,-8.0127,499.5,-1.36,-3.3,-2.37,0.8783
2026-08-20,SONATSOFTW,320,-8.0283,309.45,-7.32,-11.66,3.96,1.8708
2026-08-20,NYKAA,321,-8.0743,320.6,-1.35,-6.39,-2.73,1.2978
2026-08-20,TATASTEEL,322,-8.2679,184.0,-1.18,-4.66,-1.75,0.9175
2026-08-20,BAJFINANCE,323,-8.3537,1080.2,-1.28,-6.78,2.45,0.6722
2026-08-20,JSWENERGY,324,-8.5226,548.1,-2.65,-3.5,0.71,0.6386
2026-08-20,ADANIPOWER,325,-8.7143,204.02,-1.43,-2.38,-2.63,0.7388
2026-08-20,ICICIBANK,326,-8.7387,1402.0,-2.07,-3.32,-2.5,0.9027
2026-08-20,ATUL,327,-8.8817,6596.0,-4.36,-2.91,-2.98,1.1541
2026-08-20,HINDPETRO,328,-8.9674,366.45,-6.04,-7.22,-6.7,2.2248
2026-08-20,PREMIERENE,329,-9.0341,1002.0,-2.35,-4.02,-3.3,1.0706
2026-08-20,NHPC,330,-9.054,76.17,-0.88,-3.09,-2.22,0.6845
2026-08-20,TATACHEM,331,-9.0832,653.0,-2.36,-2.29,-3.16,0.8591
2026-08-20,BAYERCROP,332,-9.1105,4105.7,-0.25,-5.2,-2.69,0.8945
2026-08-20,BSE,333,-9.1608,3352.0,-4.96,-5.17,-5.35,1.6894
2026-08-20,RITES,334,-9.1684,216.94,-2.96,-4.58,-0.92,0.9225
2026-08-20,VEDL,335,-9.2281,262.6,-4.79,-5.2,-0.72,1.1598
2026-08-20,PAGEIND,336,-9.2448,36425.0,-5.24,-8.36,-9.77,2.5289
2026-08-20,DEEPAKFERT,337,-9.2588,1472.0,-1.74,-7.95,-10.65,2.1958
2026-08-20,GESHIP,338,-9.271,1302.9,0.8,-9.2,-5.41,1.4897
2026-08-20,DOMS,339,-9.2828,2218.6,-0.59,-1.53,-2.42,0.4897
2026-08-20,BAJAJHFL,340,-9.3463,85.01,0.29,-2.26,-2.99,0.5307
2026-08-20,AEGISVOPAK,341,-9.376,274.8,-2.05,-7.21,-6.04,1.6315
2026-08-20,MARICO,342,-9.4642,841.55,-1.57,-3.82,-4.72,1.069
2026-08-20,HINDUNILVR,343,-9.4812,2020.7,-2.05,-3.1,-4.58,1.0266
2026-08-20,TATACOMM,344,-9.5198,1689.8,-3.22,-4.99,-4.23,1.3073
2026-08-20,GMRAIRPORT,345,-9.5781,102.5,-1.96,-4.21,-4.3,1.0922
2026-08-20,ADANIGREEN,346,-9.5945,1293.0,-2.95,-6.3,-5.83,1.5725
2026-08-20,INFY,347,-9.595,1119.8,-4.79,-4.62,-3.1,1.3029
2026-08-20,3MINDIA,348,-9.7313,33505.0,-6.76,-6.42,-5.42,1.912
2026-08-20,GVT&D,349,-9.7645,4100.0,-6.96,-7.03,-0.04,1.4362
2026-08-20,J&KBANK,350,-9.805,150.24,-4.22,-4.8,-15.26,2.4762
2026-08-20,BPCL,351,-9.816,307.0,-3.15,-5.9,-3.28,1.2563
2026-08-20,BLUEDART,352,-9.8801,5085.5,-0.14,-5.2,-0.35,0.576
2026-08-20,COALINDIA,353,-9.9921,400.0,-2.27,-3.73,-2.45,0.846
2026-08-20,TECHM,354,-10.0536,1592.0,-3.1,-3.43,-2.64,0.9124
2026-08-20,SWANCORP,355,-10.2598,303.2,-1.46,-2.38,-2.27,0.5962
2026-08-20,INDUSTOWER,356,-10.2953,372.4,-2.87,-3.49,-3.56,0.9631
2026-08-20,ASIANPAINT,357,-10.3018,2630.8,-3.99,-4.68,-4.63,1.2903
2026-08-20,CAMS,358,-10.3473,754.3,-2.97,-7.09,-4.81,1.4369
2026-08-20,CPPLUS,359,-10.5854,3303.5,-15.28,-7.07,-3.55,2.4458
2026-08-20,APTUS,360,-10.6206,253.05,-0.67,-4.26,-10.22,1.4257
2026-08-20,CREDITACC,361,-10.651,1524.6,-1.02,-2.12,-3.3,0.6043
2026-08-20,OLAELEC,362,-10.7496,37.28,-6.47,-10.04,-2.92,1.8073
2026-08-20,NESTLEIND,363,-10.7933,1465.0,-2.79,-3.62,-2.55,0.8295
2026-08-20,ABCAPITAL,364,-10.9777,396.0,-3.64,-6.76,-0.4,0.9836
2026-08-20,GODFRYPHLP,365,-11.1108,2117.6,-3.7,-8.92,2.0,0.9557
2026-08-20,TCS,366,-11.1174,2289.0,-2.58,-5.14,-6.44,1.274
2026-08-20,BIKAJI,367,-11.1405,608.65,-1.81,-6.06,-3.99,1.0642
2026-08-20,KPITTECH,368,-11.1741,589.1,-3.3,-5.44,-7.77,1.4779
2026-08-20,TRITURBINE,369,-11.2004,569.65,-2.91,-8.63,-7.51,1.7011
2026-08-20,FIRSTCRY,370,-11.5557,196.5,-8.38,-8.74,-8.62,2.2268
2026-08-20,JKCEMENT,371,-11.5834,5276.0,-2.18,-3.8,-6.49,1.0763
2026-08-20,RECLTD,372,-11.66,337.0,-2.6,-7.92,-9.95,1.7562
2026-08-20,TTML,373,-11.7396,37.67,-1.31,-5.47,-5.23,1.0233
2026-08-20,JBMA,374,-11.7496,619.85,-3.74,-6.04,-5.95,1.3382
2026-08-20,SAGILITY,375,-12.1752,42.44,-2.01,-3.26,-5.42,0.8775
2026-08-20,IRCTC,376,-12.1763,488.35,-4.91,-4.29,-1.54,0.8822
2026-08-20,INDHOTEL,377,-12.2295,723.35,-0.09,-2.39,-2.01,0.3671
2026-08-20,FSL,378,-12.5886,273.05,-0.53,-19.56,-6.99,2.1513
2026-08-20,JAINREC,379,-12.5972,288.85,-4.67,-10.45,-13.87,2.3008
2026-08-20,HONAUT,380,-12.8296,36400.0,-4.05,-4.69,-2.96,0.9114
2026-08-20,ABLBL,381,-12.8823,88.72,-3.02,-6.19,-5.49,1.1403
2026-08-20,IOB,382,-13.008,33.27,-2.75,-2.97,-1.68,0.5694
2026-08-20,LEMONTREE,383,-13.0127,108.08,-0.99,-4.08,-1.88,0.5342
2026-08-20,BSOFT,384,-13.0487,305.9,-2.36,-5.48,-1.69,0.7306
2026-08-20,JIOFIN,385,-13.0599,243.15,-5.04,-7.18,-2.54,1.1296
2026-08-20,HEXT,386,-13.1382,553.3,-2.41,-3.03,-10.51,1.2142
2026-08-20,BANDHANBNK,387,-13.1406,169.2,-3.86,-0.74,-2.52,0.5423
2026-08-20,CCL,388,-13.7439,1124.6,-0.96,-1.26,-6.17,0.6104
2026-08-20,UPL,389,-13.8751,560.05,-1.4,-3.75,-6.6,0.8474
2026-08-20,IOC,390,-13.9111,136.3,-3.06,-5.35,-2.72,0.7997
2026-08-20,JSWCEMENT,391,-13.9981,123.66,-5.28,-6.35,-6.64,1.305
2026-08-20,HDFCBANK,392,-14.1098,720.0,-1.23,-2.04,-3.77,0.4993
2026-08-20,LLOYDSME,393,-14.3363,1919.0,1.34,-8.05,-6.45,0.9181
2026-08-20,HUDCO,394,-14.4758,188.01,-3.96,-7.57,-3.31,1.0256
2026-08-20,FACT,395,-14.5345,794.85,-4.05,-5.63,-2.71,0.8528
2026-08-20,CHAMBLFERT,396,-14.7022,434.4,-2.24,-4.44,-0.91,0.5166
2026-08-20,SOBHA,397,-14.7841,1274.1,-4.47,-6.39,-6.57,1.1786
2026-08-20,NBCC,398,-14.8012,87.19,-5.4,-9.18,-7.83,1.5143
2026-08-20,CHOICEIN,399,-15.284,800.45,-1.72,-2.9,0.04,0.2997
2026-08-20,ZYDUSWELL,400,-15.4914,496.65,-1.87,-9.73,-9.61,1.3691
2026-08-20,TORNTPOWER,401,-15.5525,1243.7,-5.71,-6.03,-13.09,1.5967
2026-08-20,TRENT,402,-15.5819,2942.1,-1.93,-5.33,0.39,0.4409
2026-08-20,UCOBANK,403,-15.7186,25.68,-1.87,-3.06,-3.13,0.5128
2026-08-20,NLCINDIA,404,-15.9777,268.05,-3.14,-11.62,-9.72,1.5323
2026-08-20,MAPMYINDIA,405,-16.0775,1012.6,-0.07,-11.15,-10.87,1.3743
2026-08-20,ITC,406,-16.144,267.05,-3.3,-6.94,-6.71,1.0492
2026-08-20,IDBI,407,-16.1951,80.72,-2.11,-4.27,-4.06,0.6449
2026-08-20,ULTRACEMCO,408,-16.4166,11450.0,-3.71,-6.07,-4.57,0.8739
2026-08-20,NUVOCO,409,-16.6037,318.5,-4.61,-7.97,-9.45,1.3274
2026-08-20,POWERGRID,410,-16.627,263.5,-2.21,-6.48,-6.84,0.9338
2026-08-20,GODREJCP,411,-16.847,930.0,2.2,-13.0,-13.61,1.4492
2026-08-20,JPPOWER,412,-17.2581,17.03,-3.95,-7.04,-0.06,0.6402
2026-08-20,HBLENGINE,413,-17.4351,671.85,-2.84,-8.78,-5.11,0.9597
2026-08-20,INTELLECT,414,-17.4361,678.45,-3.53,-9.08,-5.77,1.0539
2026-08-20,ZENSARTECH,415,-17.5691,477.85,-3.36,-4.5,-10.67,1.0546
2026-08-20,SHREECEM,416,-17.8023,24725.0,-3.08,-8.09,-8.0,1.0764
2026-08-20,VMM,417,-17.9676,103.4,-4.26,-6.85,-4.47,0.867
2026-08-20,GILLETTE,418,-18.4945,7517.5,-1.62,-1.89,-3.5,0.3789
2026-08-20,NAVA,419,-18.5934,549.2,-6.79,-5.64,-2.21,0.787
2026-08-20,IREDA,420,-19.1652,113.92,-3.29,-5.62,-5.71,0.7629
2026-08-20,MARUTI,421,-19.2203,13690.0,-1.33,-3.52,-1.85,0.3489
2026-08-20,PIIND,422,-19.5382,2505.0,0.89,-10.85,-9.04,0.9728
2026-08-20,JKTYRE,423,-19.7021,374.85,-3.01,-9.72,-6.65,0.9837
2026-08-20,IRB,424,-19.7719,19.03,-2.71,-5.46,-2.16,0.5226
2026-08-20,BRITANNIA,425,-20.3322,5453.0,-3.41,0.24,-1.17,0.2134
2026-08-20,GMDCLTD,426,-20.522,557.75,-7.53,-3.82,-2.87,0.6933
2026-08-20,EIHOTEL,427,-21.0685,296.7,-1.87,-9.29,-8.85,0.9498
2026-08-20,MANAPPURAM,428,-21.7324,340.0,-3.57,-6.49,-8.15,0.8379
2026-08-20,BLUESTARCO,429,-21.9817,1493.2,0.21,-10.32,-11.16,0.9674
2026-08-20,INDIACEM,430,-22.4384,369.7,-4.1,-5.88,-7.16,0.7637
2026-08-20,DABUR,431,-22.8826,399.75,-2.8,-3.44,-7.83,0.6147
2026-08-20,WHIRLPOOL,432,-23.4543,753.45,-4.64,-6.79,-4.49,0.6787
2026-08-20,RPOWER,433,-23.8495,21.7,-7.19,-10.22,-7.89,1.0608
2026-08-20,SJVN,434,-23.9986,66.04,-1.59,-4.44,-4.32,0.4314
2026-08-20,ICICIGI,435,-24.083,1623.8,-1.2,-1.28,-3.56,0.2507
2026-08-20,IRFC,436,-24.5037,85.18,-3.49,-4.18,-4.43,0.494
2026-08-20,COLPAL,437,-25.8759,1879.6,-6.25,-7.86,-13.24,1.0572
2026-08-20,LATENTVIEW,438,-25.9271,276.5,-4.67,-6.27,-12.94,0.9212
2026-08-20,IEX,439,-27.1403,123.0,-2.34,-5.09,-8.34,0.5809
2026-08-20,KEC,440,-29.261,423.5,-4.14,-10.95,-11.32,0.9024
2026-08-20,SBILIFE,441,-29.3757,1780.4,-2.71,-5.29,-6.04,0.4781
2026-08-20,JWL,442,-29.4342,248.5,-4.07,-4.0,-4.17,0.4157
2026-08-20,TATAINVEST,443,-29.8103,647.2,-6.03,-4.49,-1.09,0.3893
2026-08-20,DELHIVERY,444,-29.8854,450.0,-4.31,-4.31,-4.26,0.4306
2026-08-20,UBL,445,-32.7515,1355.5,-3.18,-5.48,-5.52,0.4329
2026-08-20,LICHSGFIN,446,-32.8502,497.0,-2.17,-2.94,-10.2,0.4659
2026-08-20,CROMPTON,447,-32.8822,245.5,-0.95,-7.74,-7.1,0.4801
2026-08-20,IRCON,448,-37.0675,122.62,-2.82,-6.65,-3.2,0.3419
2026-08-20,ACC,449,-43.3404,1288.7,-3.31,-7.55,-5.99,0.3888
2026-08-20,PFC,450,-43.3912,374.45,-0.54,-10.42,-12.33,0.5368
2026-08-20,AMBUJACEM,451,-55.9483,407.5,-3.21,-8.43,-6.39,0.3221
2026-08-20,ABFRL,452,-73.6202,54.47,-4.71,-12.29,-6.18,0.3148
